"SampleID","BarcodeSequence","Species","CollectionSite","Nosema_binomial","Crithidia_binomial","Apicystis_binomial","Nosema_total_per_bee","Crithidia_total_per_bee","Apicystis_total_per_bee","Conopid_larvae","gut_parasite_richness","Subgenus","Interaction","Enterotype","Arsenophonus","Gilliamella","Snodgrassella"
"1","AAGAGGCAGAGTAG","B.hortorum","Upton",1,1,0,16666.66667,193333.3333,0,0,2,"Bombus.Megabombus","B.hortorum.Upton","Enterotype_1",2807,4,281
"106","AAGAGGCCTCTCTA","B.terrestris","Ouse",0,1,0,0,156666.6667,0,0,1,"Bombus.sensu.stricto","B.terrestris.Ouse","Enterotype_2",0,743,1075
"108","TCCTGAGAGAGTAG","B.terrestris","Ouse",0,1,0,0,176666.6667,0,0,1,"Bombus.sensu.stricto","B.terrestris.Ouse","Enterotype_2",7,10,158
"111","TAGGCATACTGCAT","B.ruderatus","Ouse",0,1,0,0,186666.6667,0,0,1,"Bombus.Megabombus","B.ruderatus.Ouse","Enterotype_3",64,9,4
"112","CAGAGAGCTCTCTA","B.hortorum","Ouse",0,1,0,0,3333.333333,0,0,1,"Bombus.Megabombus","B.hortorum.Ouse","Enterotype_2",0,276,2956
"117","TAAGGCGAGAGTAG","B.ruderatus","Ouse",1,1,0,3333.333333,270000,0,0,2,"Bombus.Megabombus","B.ruderatus.Ouse","Enterotype_2",2,0,99
"128","CGAGGCTAGAGTAG","B.hortorum","Ouse",0,1,1,0,130000,233333.3333,0,2,"Bombus.Megabombus","B.hortorum.Ouse","Enterotype_3",0,0,6
"129","GCTACGCGCGTAAG","B.terrestris","Ouse",1,1,0,23333.33333,80000,0,0,2,"Bombus.sensu.stricto","B.terrestris.Ouse","Enterotype_2",0,323,1489
"131","CGAGGCTAAGGAGT","B.ruderatus","Ouse",1,1,0,6666.666667,193333.3333,0,0,2,"Bombus.Megabombus","B.ruderatus.Ouse","Enterotype_3",0,0,1
"134","CAGAGAGAAGGAGT","B.ruderatus","Ouse",0,0,0,0,0,0,0,0,"Bombus.Megabombus","B.ruderatus.Ouse","Enterotype_3",4,3,12
"136","AGGCAGAACTGCAT","B.ruderatus","Ouse",0,0,0,0,0,0,0,0,"Bombus.Megabombus","B.ruderatus.Ouse","Enterotype_3",6,0,0
"138","TAGGCATGTAAGGA","B.ruderatus","Ouse",1,1,0,10000,180000,0,0,2,"Bombus.Megabombus","B.ruderatus.Ouse","Enterotype_3",144,0,14
"139","CGAGGCTTATCCTC","B.ruderatus","Ouse",1,1,1,16666.66667,113333.3333,3333.333333,0,3,"Bombus.Megabombus","B.ruderatus.Ouse","Enterotype_3",1,0,2
"142","AAGAGGCGCGTAAG","B.ruderatus","Ouse",0,1,0,0,3333.333333,0,1,1,"Bombus.Megabombus","B.ruderatus.Ouse","Enterotype_3",0,0,0
"143","AAGAGGCAAGGAGT","B.hortorum","Ouse",0,1,0,0,233333.3333,0,1,1,"Bombus.Megabombus","B.hortorum.Ouse","Enterotype_3",11,1,19
"150","GGACTCCAAGGAGT","B.hortorum","Ouse",0,1,0,0,6666.666667,0,0,1,"Bombus.Megabombus","B.hortorum.Ouse","Enterotype_2",4,0,2534
"152","CAGAGAGTATCCTC","B.ruderatus","Ouse",0,0,1,0,0,106666.6667,0,1,"Bombus.Megabombus","B.ruderatus.Ouse","Enterotype_3",1,7,74
"153","GGACTCCACTGCAT","B.ruderatus","Ouse",0,1,1,0,83333.33333,56666.66667,0,2,"Bombus.Megabombus","B.ruderatus.Ouse","Enterotype_3",415,6,26
"155","CTCTCTAGCGTAAG","B.terrestris","Ouse",0,0,0,0,0,0,0,0,"Bombus.sensu.stricto","B.terrestris.Ouse","Enterotype_2",8,322,1411
"157","GCTACGCAGAGTAG","B.ruderatus","Ouse",0,0,0,0,0,0,0,0,"Bombus.Megabombus","B.ruderatus.Ouse","Enterotype_3",0,0,121
"163","AGGCAGAAAGGAGT","B.ruderatus","Ouse",0,0,1,0,0,83333.33333,0,1,"Bombus.Megabombus","B.ruderatus.Ouse","Enterotype_1",1776,32,149
"165","TAGGCATAAGGAGT","B.ruderatus","Ouse",0,0,0,0,0,0,0,0,"Bombus.Megabombus","B.ruderatus.Ouse","Enterotype_3",135,10,17
"167","TAAGGCGCTAAGCC","B.ruderatus","Hillesden",1,1,0,53333.33333,2e+05,0,0,2,"Bombus.Megabombus","B.ruderatus.Hillesden","Enterotype_2",94,26,278
"168","GGACTCCGTAAGGA","B.ruderatus","Hillesden",0,0,0,0,0,0,0,0,"Bombus.Megabombus","B.ruderatus.Hillesden","Enterotype_2",76,0,6
"169","TAAGGCGGCGTAAG","B.ruderatus","Hillesden",0,1,1,0,256666.6667,26666.66667,0,2,"Bombus.Megabombus","B.ruderatus.Hillesden","Enterotype_2",3,135,338
"171","TAGGCATCTAAGCC","B.ruderatus","Hillesden",1,1,0,3333.333333,160000,0,0,2,"Bombus.Megabombus","B.ruderatus.Hillesden","Enterotype_3",189,11,23
"172","TAAGGCGGTAAGGA","B.ruderatus","Hillesden",0,1,0,0,176666.6667,0,0,1,"Bombus.Megabombus","B.ruderatus.Hillesden","Enterotype_2",2,0,2789
"174","CGAGGCTCTCTCTA","B.ruderatus","Hillesden",0,0,0,0,0,0,0,0,"Bombus.Megabombus","B.ruderatus.Hillesden","Enterotype_3",56,0,80
"176","TCCTGAGGTAAGGA","B.hortorum","Hillesden",0,0,0,0,0,0,0,0,"Bombus.Megabombus","B.hortorum.Hillesden","Enterotype_2",11,0,4
"178","CGTACTAAAGGAGT","B.hortorum","Hillesden",0,0,0,0,0,0,0,0,"Bombus.Megabombus","B.hortorum.Hillesden","Enterotype_2",15,1,862
"181","GGACTCCTATCCTC","B.hortorum","Hillesden",0,0,0,0,0,0,0,0,"Bombus.Megabombus","B.hortorum.Hillesden","Enterotype_1",776,14,30
"184","GCTACGCGTAAGGA","B.hortorum","Hillesden",1,1,0,73333.33333,96666.66667,0,0,2,"Bombus.Megabombus","B.hortorum.Hillesden","Enterotype_3",3,0,1
"19","GTAGAGGGCGTAAG","B.hortorum","Upton",0,0,0,0,0,0,0,0,"Bombus.Megabombus","B.hortorum.Upton","Enterotype_1",0,1,2
"191","GGACTCCAGAGTAG","B.hortorum","Hillesden",0,1,0,0,170000,0,0,1,"Bombus.Megabombus","B.hortorum.Hillesden","Enterotype_3",6,0,1
"192","CGTACTACTAAGCC","B.ruderatus","Hillesden",1,1,0,40000,70000,0,0,2,"Bombus.Megabombus","B.ruderatus.Hillesden","Enterotype_3",138,183,101
"193","TCCTGAGACTGCAT","B.ruderatus","Hillesden",0,0,0,0,0,0,0,0,"Bombus.Megabombus","B.ruderatus.Hillesden","Enterotype_2",8,430,867
"2","AGGCAGATATCCTC","B.hortorum","Upton",0,1,0,0,130000,0,0,1,"Bombus.Megabombus","B.hortorum.Upton","Enterotype_3",25,2,8
"20","CGTACTAGCGTAAG","B.hortorum","Upton",0,0,0,0,0,0,0,0,"Bombus.Megabombus","B.hortorum.Upton","Enterotype_2",1,371,695
"202","TCCTGAGCTAAGCC","B.hortorum","Hillesden",0,1,0,0,153333.3333,0,0,1,"Bombus.Megabombus","B.hortorum.Hillesden","Enterotype_1",2842,2,328
"205","TCCTGAGAAGGAGT","B.terrestris","Hillesden",1,1,0,10000,126666.6667,0,0,2,"Bombus.sensu.stricto","B.terrestris.Hillesden","Enterotype_1",3354,0,0
"216","GGACTCCCTAAGCC","B.hortorum","Hillesden",0,0,0,0,0,0,0,0,"Bombus.Megabombus","B.hortorum.Hillesden","Enterotype_2",261,0,2863
"219","TCCTGAGCTCTCTA","B.terrestris","Hillesden",0,0,0,0,0,0,0,0,"Bombus.sensu.stricto","B.terrestris.Hillesden","Enterotype_2",4,475,895
"22","AAGAGGCACTGCAT","B.hortorum","Upton",0,0,0,0,0,0,0,0,"Bombus.Megabombus","B.hortorum.Upton","Enterotype_1",2761,0,321
"23","TAGGCATGCGTAAG","B.terrestris","Upton",0,1,0,0,20000,0,0,1,"Bombus.sensu.stricto","B.terrestris.Upton","Enterotype_2",6,368,1263
"230","AGGCAGACTAAGCC","B.terrestris","Hillesden",0,1,0,0,216666.6667,0,0,1,"Bombus.sensu.stricto","B.terrestris.Hillesden","Enterotype_2",90,283,1382
"235","CGTACTAAGAGTAG","B.terrestris","Hillesden",0,0,0,0,0,0,0,0,"Bombus.sensu.stricto","B.terrestris.Hillesden","Enterotype_2",1,168,1720
"238","CAGAGAGACTGCAT","B.hortorum","Hillesden",0,0,0,0,0,0,0,0,"Bombus.Megabombus","B.hortorum.Hillesden","Enterotype_3",12,0,351
"24","GGACTCCCTCTCTA","B.terrestris","Upton",0,0,0,0,0,0,0,0,"Bombus.sensu.stricto","B.terrestris.Upton","Enterotype_2",128,100,2572
"242","TAAGGCGCTCTCTA","B.terrestris","Hillesden",0,1,0,0,206666.6667,0,0,1,"Bombus.sensu.stricto","B.terrestris.Hillesden","Enterotype_1",2901,13,6
"246","TCCTGAGGCGTAAG","B.terrestris","Hillesden",0,0,0,0,0,0,0,0,"Bombus.sensu.stricto","B.terrestris.Hillesden","Enterotype_1",206,59,95
"247","TCCTGAGTATCCTC","B.terrestris","Hillesden",0,1,0,0,220000,0,0,1,"Bombus.sensu.stricto","B.terrestris.Hillesden","Enterotype_3",5,23,3
"25","CTCTCTAACTGCAT","B.terrestris","Upton",0,0,0,0,0,0,0,0,"Bombus.sensu.stricto","B.terrestris.Upton","Enterotype_2",0,423,474
"252","GCTACGCAAGGAGT","B.terrestris","Hillesden",0,0,1,0,0,1200000,0,1,"Bombus.sensu.stricto","B.terrestris.Hillesden","Enterotype_2",9,115,10
"27","GCTACGCTATCCTC","B.terrestris","Upton",0,1,0,0,210000,0,0,1,"Bombus.sensu.stricto","B.terrestris.Upton","Enterotype_3",3,23,33
"28","CAGAGAGAGAGTAG","B.terrestris","Upton",0,1,0,0,110000,0,0,1,"Bombus.sensu.stricto","B.terrestris.Upton","Enterotype_2",0,196,2285
"29","CTCTCTACTCTCTA","B.terrestris","Upton",0,0,0,0,0,0,0,0,"Bombus.sensu.stricto","B.terrestris.Upton","Enterotype_2",4,763,1188
"31","CAGAGAGCTAAGCC","B.terrestris","Upton",0,1,0,0,1e+05,0,0,1,"Bombus.sensu.stricto","B.terrestris.Upton","Enterotype_2",0,359,712
"34","TAAGGCGACTGCAT","B.ruderatus","Upton",1,1,0,43333.33333,190000,0,0,2,"Bombus.Megabombus","B.ruderatus.Upton","Enterotype_3",2,2,11
"36","CAGAGAGGCGTAAG","B.ruderatus","Upton",0,1,0,0,70000,0,0,1,"Bombus.Megabombus","B.ruderatus.Upton","Enterotype_2",1,242,1508
"37","TAGGCATTATCCTC","B.ruderatus","Upton",0,0,0,0,0,0,0,0,"Bombus.Megabombus","B.ruderatus.Upton","Enterotype_3",119,0,5
"38","TAGGCATCTCTCTA","B.ruderatus","Upton",1,1,0,13333.33333,6666.666667,0,0,2,"Bombus.Megabombus","B.ruderatus.Upton","Enterotype_3",7,1,1
"4","CTCTCTAAAGGAGT","B.hortorum","Upton",1,1,0,23333.33333,1e+05,0,0,2,"Bombus.Megabombus","B.hortorum.Upton","Enterotype_2",10,3,35
"44","GTAGAGGCTCTCTA","B.hortorum","Caistor",1,1,0,10000,93333.33333,0,0,2,"Bombus.Megabombus","B.hortorum.Caistor","Enterotype_1",804,20,90
"48","AGGCAGAGTAAGGA","B.hortorum","Caistor",1,1,0,116666.6667,113333.3333,0,0,2,"Bombus.Megabombus","B.hortorum.Caistor","Enterotype_3",5,0,3
"52","CGAGGCTCTAAGCC","B.hortorum","Caistor",1,1,0,23333.33333,130000,0,0,2,"Bombus.Megabombus","B.hortorum.Caistor","Enterotype_3",22,11,125
"57","CGAGGCTGTAAGGA","B.hortorum","Caistor",0,0,0,0,0,0,0,0,"Bombus.Megabombus","B.hortorum.Caistor","Enterotype_3",0,0,1
"59","GCTACGCCTCTCTA","B.hortorum","Caistor",0,1,0,0,10000,0,0,1,"Bombus.Megabombus","B.hortorum.Caistor","Enterotype_2",0,233,1650
"60","CTCTCTAGTAAGGA","B.terrestris","Caistor",1,1,0,3333.333333,20000,0,0,2,"Bombus.sensu.stricto","B.terrestris.Caistor","Enterotype_2",0,261,1533
"62","CTCTCTACTAAGCC","B.hortorum","Caistor",0,1,0,0,133333.3333,0,0,1,"Bombus.Megabombus","B.hortorum.Caistor","Enterotype_3",3,0,2
"63","AGGCAGAAGAGTAG","B.hortorum","Caistor",0,1,0,0,56666.66667,0,0,1,"Bombus.Megabombus","B.hortorum.Caistor","Enterotype_1",41,51,7
"64","CGTACTACTCTCTA","B.ruderatus","Caistor",0,1,0,0,70000,0,0,1,"Bombus.Megabombus","B.ruderatus.Caistor","Enterotype_3",13,32,59
"65","TAAGGCGTATCCTC","B.terrestris","Caistor",1,1,0,3333.333333,53333.33333,0,0,2,"Bombus.sensu.stricto","B.terrestris.Caistor","Enterotype_2",4,94,1604
"68","AAGAGGCTATCCTC","B.terrestris","Caistor",1,1,0,10000,16666.66667,0,0,2,"Bombus.sensu.stricto","B.terrestris.Caistor","Enterotype_2",3,830,226
"70","CGTACTATATCCTC","B.terrestris","Caistor",0,0,0,0,0,0,0,0,"Bombus.sensu.stricto","B.terrestris.Caistor","Enterotype_2",3,17,990
"76","GGACTCCGCGTAAG","B.terrestris","Caistor",0,1,0,0,63333.33333,0,0,1,"Bombus.sensu.stricto","B.terrestris.Caistor","Enterotype_2",6,346,1374
"77","AGGCAGACTCTCTA","B.terrestris","Caistor",1,0,0,53333.33333,0,0,0,1,"Bombus.sensu.stricto","B.terrestris.Caistor","Enterotype_2",1,511,1219
"78","CGTACTAACTGCAT","B.terrestris","Caistor",0,0,0,0,0,0,0,0,"Bombus.sensu.stricto","B.terrestris.Caistor","Enterotype_2",1,175,664
"79","TAAGGCGAAGGAGT","B.terrestris","Caistor",0,0,0,0,0,0,0,0,"Bombus.sensu.stricto","B.terrestris.Caistor","Enterotype_2",0,386,1720
"81","CTCTCTAAGAGTAG","B.terrestris","Ouse",0,1,1,0,286666.6667,76666.66667,0,2,"Bombus.sensu.stricto","B.terrestris.Ouse","Enterotype_2",0,140,1370
"83","AAGAGGCGTAAGGA","B.ruderatus","Ouse",0,0,0,0,0,0,0,0,"Bombus.Megabombus","B.ruderatus.Ouse","Enterotype_1",2782,0,336
"89","TAGGCATAGAGTAG","B.terrestris","Ouse",0,0,0,0,0,0,0,0,"Bombus.sensu.stricto","B.terrestris.Ouse","Enterotype_2",8,303,2212
"9","GCTACGCCTAAGCC","B.hortorum","Upton",0,1,1,0,73333.33333,16666.66667,0,2,"Bombus.Megabombus","B.hortorum.Upton","Enterotype_2",5,2,2882
"92","AAGAGGCCTAAGCC","B.ruderatus","Ouse",0,0,0,0,0,0,0,0,"Bombus.Megabombus","B.ruderatus.Ouse","Enterotype_3",109,1,50
"93","AGGCAGAGCGTAAG","B.terrestris","Ouse",0,0,0,0,0,0,0,0,"Bombus.sensu.stricto","B.terrestris.Ouse","Enterotype_2",6,567,1130
