index_list,code_list,name_list,date_list,site_list,os_grid_list,nos_list,eos_list,field_ID_list,pcr_ID_list,tissue,library_percentage_list,retained_reads_list,retained_reads_percentage_list,bhor_map_percentage,alignment_reads_list,alignment_reads_percentage_list,mean_cov_ns_list,F_list,radseq_ID_list,sibling_sets,clumpak_subpop,genome,relative_dir,Microbiome
1,RH14,BB_P1_PG_1_1,7/17/2013,Ut,SP35995 47069,247069,435995,Bh,NA,leg_abdomen(no_guts),0.007506908038343,4696179,0.97776318961845,99.51,3372911,0.718,194.837,0.8795,Bh,NA,NA,GCA_905332935.1_iyBomHort1.1_genomic.fna,../results/a.process_radtags/BB_P1_PG_1_1.fq.gz,Yes
100,TM22,BB_P1_PG_100_1,7/26/2013,Os,TL469857,285700,546900,Bh,NA,leg_abdomen(no_guts),0.004988714530882,3120845,0.977745396990299,99.08,2348804,0.752,137.496,0.87829,Bh,100_bh_Os_1,NA,GCA_905332935.1_iyBomHort1.1_genomic.fna,../results/a.process_radtags/BB_P1_PG_100_1.fq.gz,No
101,TM24,BB_P1_PG_101_1,7/27/2013,Os,TL528936,293600,552800,Bt,NA,leg_abdomen(no_guts),0.00421198377358,2634937,0.978840928045113,83.03,1655117,0.627,118.152,0.87921,Bt,NA,NA,GCA_905332935.1_iyBomHort1.1_genomic.fna,../results/a.process_radtags/BB_P1_PG_101_1.fq.gz,No
102,TM28,BB_P1_PG_102_1,7/27/2013,Os,TL528936,293600,552800,Bh,NA,leg_abdomen(no_guts),0.003444398115067,2154750,0.979231075811277,98.87,1507886,0.699,89.683,0.87716,Bh,102_bh_Os_2,NA,GCA_905332935.1_iyBomHort1.1_genomic.fna,../results/a.process_radtags/BB_P1_PG_102_1.fq.gz,No
104,TM25,BB_P1_PG_104_1,7/27/2013,Os,TL528936,293600,552800,Bt,NA,leg_abdomen(no_guts),0.004570560843205,2859256,0.975838637565912,83.96,1795354,0.627,125.619,0.8788,Bt,NA,NA,GCA_905332935.1_iyBomHort1.1_genomic.fna,../results/a.process_radtags/BB_P1_PG_104_1.fq.gz,No
105,TM36,BB_P1_PG_105_1,7/27/2013,Os,TL528936,293600,552800,Bh,NA,leg_abdomen(no_guts),0.007442622197946,4655963,0.978491304051776,97.63,2958280,0.635,173.947,0.852,Bh,NA,NA,GCA_905332935.1_iyBomHort1.1_genomic.fna,../results/a.process_radtags/BB_P1_PG_105_1.fq.gz,No
106,TM32,BB_P1_PG_106_1,7/27/2013,Os,TL528936,293600,552800,Bt,NA,leg_abdomen(no_guts),0.004910174740842,3071712,0.979852446926063,82.57,1867420,0.607,135.993,0.88162,Bt,NA,NA,GCA_905332935.1_iyBomHort1.1_genomic.fna,../results/a.process_radtags/BB_P1_PG_106_1.fq.gz,Yes
107,TM40,BB_P1_PG_107_1,7/27/2013,Os,TL528936,293600,552800,Bh,NA,leg_abdomen(no_guts),0.005855729360832,3663233,0.974583427335765,94.16,2434689,0.664,143.199,0.88315,Bh,NA,NA,GCA_905332935.1_iyBomHort1.1_genomic.fna,../results/a.process_radtags/BB_P1_PG_107_1.fq.gz,No
108,TM23,BB_P1_PG_108_1,7/27/2013,Os,TL528936,293600,552800,Bt,NA,leg_abdomen(no_guts),0.00457435091998,2861627,0.961081535660537,73.62,1532629,0.535,109.212,0.87794,Bt,NA,NA,GCA_905332935.1_iyBomHort1.1_genomic.fna,../results/a.process_radtags/BB_P1_PG_108_1.fq.gz,Yes
109,TM38,BB_P1_PG_109_1,7/27/2013,Os,TL528936,293600,552800,Bh,NA,leg_abdomen(no_guts),0.00539708531267,3376314,0.96494456085959,95.84,2146675,0.635,126.461,0.88211,Bh,NA,NA,GCA_905332935.1_iyBomHort1.1_genomic.fna,../results/a.process_radtags/BB_P1_PG_109_1.fq.gz,No
110,TM34,BB_P1_PG_110_1,7/27/2013,Os,TL528936,293600,552800,Bh,NA,leg_abdomen(no_guts),0.003882992001699,2429126,0.984859732678578,98.5,1785355,0.734,108.63,0.9168,Br,NA,Br_Os_0.9973,GCA_905332935.1_iyBomHort1.1_genomic.fna,../results/a.process_radtags/BB_P1_PG_110_1.fq.gz,No
111,TM35,BB_P1_PG_111_1,7/27/2013,Os,TL528936,293600,552800,Br,NA,leg_abdomen(no_guts),0.004288573376498,2682850,0.974007467929111,98.33,2052227,0.764,124.602,0.91964,Br,NA,Br_Os_0.996,GCA_905332935.1_iyBomHort1.1_genomic.fna,../results/a.process_radtags/BB_P1_PG_111_1.fq.gz,Yes
112,TM26,BB_P1_PG_112_1,7/27/2013,Os,TL528936,293600,552800,Bh,NA,leg_abdomen(no_guts),0.005110834609034,3197241,0.962840819807549,84.62,1820847,0.569,107.421,0.85507,Bh,112_bh_Os_2,NA,GCA_905332935.1_iyBomHort1.1_genomic.fna,../results/a.process_radtags/BB_P1_PG_112_1.fq.gz,Yes
113,TM41,BB_P1_PG_113_1,7/27/2013,Os,TL528936,293600,552800,Bt,NA,leg_abdomen(no_guts),0.004903155665718,3067321,0.978325048049966,82.73,1937268,0.631,137.345,0.87599,Bt,NA,NA,GCA_905332935.1_iyBomHort1.1_genomic.fna,../results/a.process_radtags/BB_P1_PG_113_1.fq.gz,No
114,TM31,BB_P1_PG_114_1,7/27/2013,Os,TL528936,293600,552800,Bh,NA,leg_abdomen(no_guts),0.005268414524006,3295820,0.975791874963917,98.72,2329924,0.706,139.081,0.87805,Bh,NA,NA,GCA_905332935.1_iyBomHort1.1_genomic.fna,../results/a.process_radtags/BB_P1_PG_114_1.fq.gz,No
116,TM43,BB_P1_PG_116_1,7/27/2013,Os,TL528936,293600,552800,Bh,NA,leg_abdomen(no_guts),0.004101489687998,2565814,0.976168500571058,98.96,1786517,0.696,105.057,0.88185,Bh,NA,NA,GCA_905332935.1_iyBomHort1.1_genomic.fna,../results/a.process_radtags/BB_P1_PG_116_1.fq.gz,No
117,TM42,BB_P1_PG_117_1,7/27/2013,Os,TL528936,293600,552800,Bh,NA,leg_abdomen(no_guts),0.006230528150875,3897700,0.973215779394103,99.48,2792857,0.716,167.507,0.91774,Br,NA,Br_Os_0.9913,GCA_905332935.1_iyBomHort1.1_genomic.fna,../results/a.process_radtags/BB_P1_PG_117_1.fq.gz,Yes
118,TM45,BB_P1_PG_118_1,7/27/2013,Os,TL533927,292700,553300,Br,NA,leg_abdomen(no_guts),0.00449111949125,2809559,0.984707648383862,99.21,1999898,0.711,120.589,0.91669,Br,NA,Br_Os_0.9921,GCA_905332935.1_iyBomHort1.1_genomic.fna,../results/a.process_radtags/BB_P1_PG_118_1.fq.gz,No
119,TM56,BB_P1_PG_119_1,7/27/2013,Os,TL533927,292700,553300,Bh,NA,leg_abdomen(no_guts),0.005794749247458,3625085,0.98144795510299,98.54,2568504,0.708,154.916,0.91228,Br,NA,Br_Os_0.8199,GCA_905332935.1_iyBomHort1.1_genomic.fna,../results/a.process_radtags/BB_P1_PG_119_1.fq.gz,No
12,UP16,BB_P1_PG_12_1,7/22/2010,Ut,SP379434,243400,437900,Bh,NA,leg_abdomen(no_guts),0.009539321123398,5967618,0.980823411886408,98.79,3973576,0.665,230.659,0.88246,Bh,NA,NA,GCA_905332935.1_iyBomHort1.1_genomic.fna,../results/a.process_radtags/BB_P1_PG_12_1.fq.gz,No
120,TM54,BB_P1_PG_120_1,7/27/2013,Os,TL533927,292700,553300,Bt,NA,leg_abdomen(no_guts),0.00533968906776,3340408,0.975927339105599,58.97,1457402,0.436,103.17,0.88176,Bt,NA,NA,GCA_905332935.1_iyBomHort1.1_genomic.fna,../results/a.process_radtags/BB_P1_PG_120_1.fq.gz,No
121,TM46,BB_P1_PG_121_1,7/27/2013,Os,TL533927,292700,553300,Br,NA,leg_abdomen(no_guts),0.004601669524823,2878717,0.981463216058712,99.12,1999813,0.694,125.436,0.92585,Br,NA,Br_Os_0.9681,GCA_905332935.1_iyBomHort1.1_genomic.fna,../results/a.process_radtags/BB_P1_PG_121_1.fq.gz,No
122,TM51,BB_P1_PG_122_1,7/27/2013,Os,TL533927,292700,553300,Br,NA,leg_abdomen(no_guts),0.003392615851445,2122356,0.978240338501036,99.23,1563472,0.736,93.841,0.91256,Br,122_br_Os_1,NA,GCA_905332935.1_iyBomHort1.1_genomic.fna,../results/a.process_radtags/BB_P1_PG_122_1.fq.gz,No
158,TM75,BB_P1_PG_158_1,7/28/2013,Os,TL521911,291100,552100,Bt,NA,leg_abdomen(no_guts),0.00183626901901,1148735,0.976457607798502,76.1,550934,0.478,40.047,NA,NA,NA,NA,GCA_905332935.1_iyBomHort1.1_genomic.fna,../results/a.process_radtags/BB_P1_PG_158_1.fq.gz,No
18,CC4,BB_P1_PG_18_1,7/17/2013,Ut,SP35467 46753,246753,435467,Bh,NA,leg_abdomen(no_guts),0.006720012330298,4203912,0.97821631412291,99.57,2985525,0.71,174.167,0.87405,Bh,18_bh_Ut_1,NA,GCA_905332935.1_iyBomHort1.1_genomic.fna,../results/a.process_radtags/BB_P1_PG_18_1.fq.gz,No
19,UP2,BB_P1_PG_19_1,7/22/2010,Ut,SP379434,243400,437900,Bh,NA,thorax,0.002445328442243,1529751,0.980991321623221,98.92,1004745,0.656,59.682,0.88173,Bh,NA,NA,GCA_905332935.1_iyBomHort1.1_genomic.fna,../results/a.process_radtags/BB_P1_PG_19_1.fq.gz,Yes
2,RH6,BB_P1_PG_2_1,7/17/2013,Ut,SP35364 46736,246736,435364,Bh,NA,leg_abdomen(no_guts),0.009986321595336,6247253,0.970686365710661,99.06,4334541,0.693,250.501,0.88767,Bh,NA,NA,GCA_905332935.1_iyBomHort1.1_genomic.fna,../results/a.process_radtags/BB_P1_PG_2_1.fq.gz,Yes
20,UP4,BB_P1_PG_20_1,7/22/2010,Ut,SP379434,243400,437900,Bh,NA,leg_abdomen(no_guts),0.003457934331909,2163218,0.965746033942798,89.49,1256772,0.581,74.191,0.88422,Bh,NA,NA,GCA_905332935.1_iyBomHort1.1_genomic.fna,../results/a.process_radtags/BB_P1_PG_20_1.fq.gz,Yes
21,UP13,BB_P1_PG_21_1,7/22/2010,Ut,SP379434,243400,437900,Bh,NA,thorax,0.003122676385014,1953487,0.980582480410808,98.47,1278896,0.654,75.93,0.87907,Bh,NA,NA,GCA_905332935.1_iyBomHort1.1_genomic.fna,../results/a.process_radtags/BB_P1_PG_21_1.fq.gz,No
22,UP12,BB_P1_PG_22_1,7/22/2010,Ut,SP379434,243400,437900,Bh,NA,thorax,0.004630035156359,2896462,0.980030661675714,49.59,986354,0.34,59.171,0.88201,Bh,NA,NA,GCA_905332935.1_iyBomHort1.1_genomic.fna,../results/a.process_radtags/BB_P1_PG_22_1.fq.gz,Yes
24,CC11,BB_P1_PG_24_1,7/17/2013,Ut,SP35822 45988,245988,435822,Bt,NA,leg_abdomen(no_guts),0.004769102680301,2983460,0.976424761429739,80.86,1766770,0.592,124.642,0.99661,NA,NA,NA,GCA_905332935.1_iyBomHort1.1_genomic.fna,../results/a.process_radtags/BB_P1_PG_24_1.fq.gz,Yes
25,CC6,BB_P1_PG_25_1,7/17/2013,Ut,SP35599 46723,246723,435599,Bt,NA,leg_abdomen(no_guts),0.004002316278806,2503773,0.977590684246674,82.66,1418354,0.566,101.251,0.88248,Bt,NA,NA,GCA_905332935.1_iyBomHort1.1_genomic.fna,../results/a.process_radtags/BB_P1_PG_25_1.fq.gz,Yes
26,CC12,BB_P1_PG_26_1,7/17/2013,Ut,SP35995 47069,247069,435995,Bt,NA,leg_abdomen(no_guts),0.004633478355588,2898616,0.973932186658217,78.94,1726939,0.595,121.895,0.87362,Bt,NA,NA,GCA_905332935.1_iyBomHort1.1_genomic.fna,../results/a.process_radtags/BB_P1_PG_26_1.fq.gz,No
29,RH10,BB_P1_PG_29_1,7/17/2013,Ut,SP35717 46851,246851,435717,Bt,NA,leg_abdomen(no_guts),0.003993626756516,2498337,0.974831056628172,82.59,1567121,0.627,111.924,0.86936,Bt,NA,NA,GCA_905332935.1_iyBomHort1.1_genomic.fna,../results/a.process_radtags/BB_P1_PG_29_1.fq.gz,Yes
3,CC8,BB_P1_PG_3_1,7/17/2013,Ut,SP35717 46851,246851,435717,Bh,NA,leg_abdomen(no_guts),0.008117645901311,5078245,0.973610821398005,99.01,3655730,0.719,214.062,0.87886,Bh,3_bh_Ut_1,NA,GCA_905332935.1_iyBomHort1.1_genomic.fna,../results/a.process_radtags/BB_P1_PG_3_1.fq.gz,No
30,CC10,BB_P1_PG_30_1,7/17/2013,Ut,SP35822 45988,245988,435822,Bt,NA,leg_abdomen(no_guts),0.005109893084268,3196652,0.972824297387361,82.24,1902830,0.595,137.949,0.88376,Bt,NA,NA,GCA_905332935.1_iyBomHort1.1_genomic.fna,../results/a.process_radtags/BB_P1_PG_30_1.fq.gz,No
31,RH1,BB_P1_PG_31_1,7/17/2013,Ut,SP35364 46736,246736,435364,Bt,NA,leg_abdomen(no_guts),0.00422760764975,2644711,0.979567217321382,83.33,1663444,0.628,119.21,0.87248,Bt,NA,NA,GCA_905332935.1_iyBomHort1.1_genomic.fna,../results/a.process_radtags/BB_P1_PG_31_1.fq.gz,Yes
32,RH9,BB_P1_PG_32_1,7/17/2013,Ut,SP35717 46851,246851,435717,Bt,NA,leg_abdomen(no_guts),0.005562558689942,3479831,0.978099348239392,83.43,2224070,0.638,157.53,0.86748,Bt,NA,NA,GCA_905332935.1_iyBomHort1.1_genomic.fna,../results/a.process_radtags/BB_P1_PG_32_1.fq.gz,No
33,CC7,BB_P1_PG_33_1,7/17/2013,Ut,SP35717 46851,246851,435717,Bt,NA,leg_abdomen(no_guts),0.00434965579477,2721062,0.978644739194062,75.6,1508280,0.554,108.689,0.88109,Bt,NA,NA,GCA_905332935.1_iyBomHort1.1_genomic.fna,../results/a.process_radtags/BB_P1_PG_33_1.fq.gz,No
34,UP11,BB_P1_PG_34_1,7/22/2010,Ut,SP379434,243400,437900,Br,NA,leg_abdomen(no_guts),0.005482370831934,3429667,0.979326494895729,98.32,2280114,0.664,140.075,0.91766,Br,34_br_Ut_1,Br_Ut_0.9894,GCA_905332935.1_iyBomHort1.1_genomic.fna,../results/a.process_radtags/BB_P1_PG_34_1.fq.gz,Yes
35,UP6,BB_P1_PG_35_1,7/22/2010,Ut,SP379434,243400,437900,Br,NA,leg_abdomen(no_guts),0.004262514400713,2666548,0.980175196959655,99.23,1830838,0.686,107.965,0.8762,Bh,NA,NA,GCA_905332935.1_iyBomHort1.1_genomic.fna,../results/a.process_radtags/BB_P1_PG_35_1.fq.gz,No
36,UP8,BB_P1_PG_36_1,7/22/2010,Ut,SP379434,243400,437900,Br,NA,leg_abdomen(no_guts),0.004974184038311,3111755,0.977247067949457,94.63,2090417,0.671,127.084,0.92059,Br,NA,Br_Ut_0.9293,GCA_905332935.1_iyBomHort1.1_genomic.fna,../results/a.process_radtags/BB_P1_PG_36_1.fq.gz,Yes
37,UP7,BB_P1_PG_37_1,7/22/2010,Ut,SP379434,243400,437900,Br,NA,leg_abdomen(no_guts),0.004354486504182,2724084,0.978735084989958,98.67,1948892,0.715,119.266,0.92072,Br,37_br_Ut_1,NA,GCA_905332935.1_iyBomHort1.1_genomic.fna,../results/a.process_radtags/BB_P1_PG_37_1.fq.gz,Yes
38,UP14,BB_P1_PG_38_1,7/22/2010,Ut,SP379434,243400,437900,Br,NA,leg_abdomen(no_guts),0.005107978064455,3195454,0.981185109353588,96.57,2261649,0.707,136.881,0.9185,Br,NA,Br_Ut_0.7045,GCA_905332935.1_iyBomHort1.1_genomic.fna,../results/a.process_radtags/BB_P1_PG_38_1.fq.gz,Yes
39,RH13,BB_P1_PG_39_1,7/17/2013,Ut,SP35995 47069,247069,435995,Bh,NA,leg_abdomen(no_guts),0.002574458004435,1610532,0.978675566228981,96.43,1067133,0.662,63.911,0.87955,Bh,NA,NA,GCA_905332935.1_iyBomHort1.1_genomic.fna,../results/a.process_radtags/BB_P1_PG_39_1.fq.gz,No
4,UP5,BB_P1_PG_4_1,7/22/2010,Ut,SP379434,243400,437900,Bh,NA,thorax,0.007741083950288,4842675,0.984518260146169,99.39,3320799,0.685,189.332,0.8868,Bh,NA,NA,GCA_905332935.1_iyBomHort1.1_genomic.fna,../results/a.process_radtags/BB_P1_PG_4_1.fq.gz,Yes
40,RH4,BB_P1_PG_40_1,7/17/2013,Ut,SP35364 46736,246736,435364,Br,NA,leg_abdomen(no_guts),0.00385296871111,2410344,0.985281343519389,97.45,1702631,0.706,102.504,0.92088,Br,NA,Br_Ut_0.9976,GCA_905332935.1_iyBomHort1.1_genomic.fna,../results/a.process_radtags/BB_P1_PG_40_1.fq.gz,Yes
41,CC3,BB_P1_PG_41_1,7/17/2013,Ut,SP35467 46753,246753,435467,Br,NA,leg_abdomen(no_guts),0.0042168496503,2637981,0.982543524794132,99.42,1878625,0.711,114.98,0.91902,Br,NA,Br_Ut_0.9891,GCA_905332935.1_iyBomHort1.1_genomic.fna,../results/a.process_radtags/BB_P1_PG_41_1.fq.gz,Yes
43,RH8,BB_P1_PG_43_1,7/17/2013,Ut,SP35599 46723,246723,435599,Br,NA,leg_abdomen(no_guts),0.003999060105718,2501736,0.980049846003897,99.36,1836080,0.733,109.589,0.88155,Bh,NA,NA,GCA_905332935.1_iyBomHort1.1_genomic.fna,../results/a.process_radtags/BB_P1_PG_43_1.fq.gz,No
44,LC40,BB_P1_PG_44_1,7/29/2013,Ca,TG245033,303300,624500,Bh,NA,leg_abdomen(no_guts),0.004686189355864,2931591,0.977852160947835,99.43,1948232,0.664,115.497,0.8795,Bh,NA,NA,GCA_905332935.1_iyBomHort1.1_genomic.fna,../results/a.process_radtags/BB_P1_PG_44_1.fq.gz,Yes
45,LC39,BB_P1_PG_45_1,7/29/2013,Ca,TG238034,303400,623800,Bh,NA,leg_abdomen(no_guts),0.004350013861914,2721286,0.979735186077918,98.16,1809568,0.664,108.839,0.8845,Bh,NA,NA,GCA_905332935.1_iyBomHort1.1_genomic.fna,../results/a.process_radtags/BB_P1_PG_45_1.fq.gz,No
46,LC42,BB_P1_PG_46_1,7/29/2013,Ca,TG243034,303400,624300,Bh,NA,leg_abdomen(no_guts),0.004831196957957,3022305,0.97722632825671,99.47,1991906,0.659,117.471,0.88385,Bh,NA,NA,GCA_905332935.1_iyBomHort1.1_genomic.fna,../results/a.process_radtags/BB_P1_PG_46_1.fq.gz,No
47,LC41,BB_P1_PG_47_1,7/29/2013,Ca,TG245036,303600,624500,Bh,NA,leg_abdomen(no_guts),0.004466993118933,2794466,0.980452462651482,96.87,2011331,0.719,118.483,0.88399,Bh,NA,NA,GCA_905332935.1_iyBomHort1.1_genomic.fna,../results/a.process_radtags/BB_P1_PG_47_1.fq.gz,No
48,LC5,BB_P1_PG_48_1,07/04/2013,Ca,TG223032,303200,622300,Bh,NA,leg_abdomen(no_guts),0.003761285938682,2352989,0.977154088742451,99.04,1552722,0.659,91.353,0.88786,Bh,NA,NA,GCA_905332935.1_iyBomHort1.1_genomic.fna,../results/a.process_radtags/BB_P1_PG_48_1.fq.gz,Yes
49,LC35,BB_P1_PG_49_1,7/29/2013,Ca,TG243034,303400,624300,Bh,NA,thorax,0.007328839968996,4584783,0.981536814724819,98.73,3159863,0.689,184.628,0.88854,Bh,NA,NA,GCA_905332935.1_iyBomHort1.1_genomic.fna,../results/a.process_radtags/BB_P1_PG_49_1.fq.gz,No
50,LC25,BB_P1_PG_50_1,07/04/2013,Ca,TG239035,303500,623900,Bh,NA,leg_abdomen(no_guts),0.007985343288762,4995479,0.976605741695639,99.73,3646505,0.729,209.993,0.87858,Bh,50_bh_Ca_1,NA,GCA_905332935.1_iyBomHort1.1_genomic.fna,../results/a.process_radtags/BB_P1_PG_50_1.fq.gz,No
51,LC34,BB_P1_PG_51_1,7/29/2013,Ca,TG243034,303400,624300,Bh,NA,thorax,0.00749870446432,4691047,0.978893996503896,99.43,3422113,0.729,200.131,0.88177,Bh,NA,NA,GCA_905332935.1_iyBomHort1.1_genomic.fna,../results/a.process_radtags/BB_P1_PG_51_1.fq.gz,No
52,LC20,BB_P1_PG_52_1,07/04/2013,Ca,TG239032,303200,623900,Bh,NA,leg_abdomen(no_guts),0.007738619041648,4841133,0.982854821449562,99.63,3460765,0.714,200.31,0.88238,Bh,NA,NA,GCA_905332935.1_iyBomHort1.1_genomic.fna,../results/a.process_radtags/BB_P1_PG_52_1.fq.gz,Yes
53,LC21,BB_P1_PG_53_1,07/04/2013,Ca,TG239035,303500,623900,Bh,NA,leg_abdomen(no_guts),0.006717299651982,4202215,0.979436384409811,96.87,2904442,0.69,166.594,0.87718,Bh,53_bh_Ca_2,NA,GCA_905332935.1_iyBomHort1.1_genomic.fna,../results/a.process_radtags/BB_P1_PG_53_1.fq.gz,No
54,LC26,BB_P1_PG_54_1,07/04/2013,Ca,TG239035,303500,623900,Bh,NA,leg_abdomen(no_guts),0.007602745348746,4756133,0.981079879658117,99.74,3548830,0.746,205.742,0.87898,Bh,NA,NA,GCA_905332935.1_iyBomHort1.1_genomic.fna,../results/a.process_radtags/BB_P1_PG_54_1.fq.gz,Yes
56,LC23,BB_P1_PG_56_1,07/04/2013,Ca,TG239035,303500,623900,Bh,NA,leg_abdomen(no_guts),0.007816990987714,4890161,0.982806082263989,97.84,3447429,0.704,199.166,0.88187,Bh,56_bh_Ca_1,NA,GCA_905332935.1_iyBomHort1.1_genomic.fna,../results/a.process_radtags/BB_P1_PG_56_1.fq.gz,No
57,LC24,BB_P1_PG_57_1,07/04/2013,Ca,TG239035,303500,623900,Bh,NA,leg_abdomen(no_guts),0.008122192075224,5081089,0.974948989244473,99.7,3628735,0.714,210.588,0.88676,Bh,NA,NA,GCA_905332935.1_iyBomHort1.1_genomic.fna,../results/a.process_radtags/BB_P1_PG_57_1.fq.gz,Yes
58,LC22,BB_P1_PG_58_1,07/04/2013,Ca,TG239035,303500,623900,Bh,NA,leg_abdomen(no_guts),0.008976569053221,5615571,0.975358844319898,99.68,3882929,0.691,222.345,0.87405,Bh,58_bh_Ca_2,NA,GCA_905332935.1_iyBomHort1.1_genomic.fna,../results/a.process_radtags/BB_P1_PG_58_1.fq.gz,No
59,LC6,BB_P1_PG_59_1,07/04/2013,Ca,TG223032,303200,622300,Bh,NA,leg_abdomen(no_guts),0.007685027260139,4807607,0.982264267441264,99.62,3160202,0.657,182.456,0.88369,Bh,NA,NA,GCA_905332935.1_iyBomHort1.1_genomic.fna,../results/a.process_radtags/BB_P1_PG_59_1.fq.gz,Yes
60,LC43,BB_P1_PG_60_1,7/29/2013,Ca,TG242038,303800,624200,Bh,NA,leg_abdomen(no_guts),0.005866912565015,3670229,0.971885400941267,84.23,2281973,0.621,162.997,0.87822,Bt,NA,NA,GCA_905332935.1_iyBomHort1.1_genomic.fna,../results/a.process_radtags/BB_P1_PG_60_1.fq.gz,Yes
62,LC27,BB_P1_PG_62_1,07/04/2013,Ca,TG239035,303500,623900,Br,NA,leg_abdomen(no_guts),0.004383814441166,2742431,0.98540875639903,99.51,1886698,0.687,110.299,0.88046,Bh,NA,NA,GCA_905332935.1_iyBomHort1.1_genomic.fna,../results/a.process_radtags/BB_P1_PG_62_1.fq.gz,Yes
63,LC31,BB_P1_PG_63_1,7/29/2013,Ca,TG244036,303600,624400,Br,NA,leg_abdomen(no_guts),0.003821190252111,2390464,0.983432178566492,99.03,1606764,0.672,95.89,0.88776,Bh,NA,NA,GCA_905332935.1_iyBomHort1.1_genomic.fna,../results/a.process_radtags/BB_P1_PG_63_1.fq.gz,Yes
64,LC1,BB_P1_PG_64_1,07/04/2013,Ca,TG223032,303200,622300,Br,NA,leg_abdomen(no_guts),0.005080429273591,3178220,0.978822796061081,99.48,2288365,0.719,134.724,0.99876,NA,NA,NA,GCA_905332935.1_iyBomHort1.1_genomic.fna,../results/a.process_radtags/BB_P1_PG_64_1.fq.gz,Yes
65,LC18,BB_P1_PG_65_1,07/04/2013,Ca,TG232032,303200,623200,Bt,NA,thorax,0.00387114061865,2421712,0.979478654775627,82.81,1495485,0.617,106.63,0.88161,Bt,NA,NA,GCA_905332935.1_iyBomHort1.1_genomic.fna,../results/a.process_radtags/BB_P1_PG_65_1.fq.gz,Yes
66,LC17,BB_P1_PG_66_1,07/04/2013,Ca,TG232032,303200,623200,Bt,NA,leg_abdomen(no_guts),0.003862061058936,2416032,0.976217538469371,83.54,1504941,0.622,107.139,0.88017,Bt,NA,NA,GCA_905332935.1_iyBomHort1.1_genomic.fna,../results/a.process_radtags/BB_P1_PG_66_1.fq.gz,No
67,LC13,BB_P1_PG_67_1,07/04/2013,Ca,TG232032,303200,623200,Bt,NA,leg_abdomen(no_guts),0.003281044367404,2052559,0.975435416626074,83.27,1239064,0.603,87.198,0.87201,Bt,NA,NA,GCA_905332935.1_iyBomHort1.1_genomic.fna,../results/a.process_radtags/BB_P1_PG_67_1.fq.gz,No
68,LC11,BB_P1_PG_68_1,07/04/2013,Ca,TG223032,303200,622300,Bt,NA,leg_abdomen(no_guts),0.002478074002232,1550236,0.973650741212256,88.77,1071433,0.69,76.312,0.97964,NA,NA,NA,GCA_905332935.1_iyBomHort1.1_genomic.fna,../results/a.process_radtags/BB_P1_PG_68_1.fq.gz,Yes
69,LC12,BB_P1_PG_69_1,07/04/2013,Ca,TG232032,303200,623200,Bt,NA,leg_abdomen(no_guts),0.004821426840181,3016193,0.972615028713847,81.47,1785872,0.592,126.403,0.87933,Bt,NA,NA,GCA_905332935.1_iyBomHort1.1_genomic.fna,../results/a.process_radtags/BB_P1_PG_69_1.fq.gz,No
7,CC14,BB_P1_PG_7_1,7/17/2013,Ut,SP35995 47069,247069,435995,Bh,NA,leg_abdomen(no_guts),0.006749199598047,4222171,0.972914126177842,99.21,3084231,0.73,179.717,0.88037,Bh,NA,NA,GCA_905332935.1_iyBomHort1.1_genomic.fna,../results/a.process_radtags/BB_P1_PG_7_1.fq.gz,No
70,LC32,BB_P1_PG_70_1,7/29/2013,Ca,TG244036,303600,624400,Bt,NA,thorax,0.002976201347037,1861855,0.980567762403937,80.33,971525,0.521,71.111,0.88405,Bt,NA,NA,GCA_905332935.1_iyBomHort1.1_genomic.fna,../results/a.process_radtags/BB_P1_PG_70_1.fq.gz,Yes
71,LC33,BB_P1_PG_71_1,7/29/2013,Ca,TG244036,303600,624400,Bt,NA,thorax,0.004787746149481,2995123,0.976947911733201,83.56,1687603,0.563,119.381,0.88243,Bt,NA,NA,GCA_905332935.1_iyBomHort1.1_genomic.fna,../results/a.process_radtags/BB_P1_PG_71_1.fq.gz,No
74,LC10,BB_P1_PG_74_1,07/04/2013,Ca,TG223032,303200,622300,Bt,NA,leg_abdomen(no_guts),0.004936828363848,3088386,0.983337881127144,82.65,1884967,0.61,132.184,0.88127,Bt,NA,NA,GCA_905332935.1_iyBomHort1.1_genomic.fna,../results/a.process_radtags/BB_P1_PG_74_1.fq.gz,No
75,LC9,BB_P1_PG_75_1,07/04/2013,Ca,TG223032,303200,622300,Bt,NA,thorax,0.003570114849797,2233396,0.9798858479643,80.43,1225493,0.548,87.555,0.87278,Bt,NA,NA,GCA_905332935.1_iyBomHort1.1_genomic.fna,../results/a.process_radtags/BB_P1_PG_75_1.fq.gz,No
76,LC7,BB_P1_PG_76_1,07/04/2013,Ca,TG223032,303200,622300,Bt,NA,leg_abdomen(no_guts),0.004988028768361,3120416,0.976569218886334,82.03,1909539,0.611,135.858,0.87847,Bt,NA,NA,GCA_905332935.1_iyBomHort1.1_genomic.fna,../results/a.process_radtags/BB_P1_PG_76_1.fq.gz,Yes
77,LC37,BB_P1_PG_77_1,7/29/2013,Ca,TG243034,303400,624300,Bt,NA,leg_abdomen(no_guts),0.003396923846767,2125051,0.979756187184728,81.1,1203663,0.566,86.442,0.87879,Bt,NA,NA,GCA_905332935.1_iyBomHort1.1_genomic.fna,../results/a.process_radtags/BB_P1_PG_77_1.fq.gz,Yes
78,LC8,BB_P1_PG_78_1,07/04/2013,Ca,TG223032,303200,622300,Bt,NA,thorax,0.004125077361086,2580570,0.982800599147437,82.07,1445611,0.56,102.166,0.88133,Bt,NA,NA,GCA_905332935.1_iyBomHort1.1_genomic.fna,../results/a.process_radtags/BB_P1_PG_78_1.fq.gz,Yes
79,LC2,BB_P1_PG_79_1,07/04/2013,Ca,TG223032,303200,622300,Bt,NA,leg_abdomen(no_guts),0.004154179907591,2598776,0.979503655269423,82.48,1510653,0.581,107.281,0.88443,Bt,NA,NA,GCA_905332935.1_iyBomHort1.1_genomic.fna,../results/a.process_radtags/BB_P1_PG_79_1.fq.gz,Yes
8,UP10,BB_P1_PG_8_1,7/22/2010,Ut,SP379434,243400,437900,Bh,NA,thorax,0.011009792584891,6887517,0.97967361836135,98.03,4473181,0.649,261.762,0.88276,Bh,NA,NA,GCA_905332935.1_iyBomHort1.1_genomic.fna,../results/a.process_radtags/BB_P1_PG_8_1.fq.gz,No
81,TM6,BB_P1_PG_81_1,7/26/2013,Os,TL471859,285900,547100,Bt,NA,leg_abdomen(no_guts),0.003580255822829,2239740,0.977088113913779,82.44,1355992,0.605,98.556,0.87851,Bt,NA,NA,GCA_905332935.1_iyBomHort1.1_genomic.fna,../results/a.process_radtags/BB_P1_PG_81_1.fq.gz,Yes
83,TM14,BB_P1_PG_83_1,7/26/2013,Os,TL471859,285900,547100,Bh,NA,leg_abdomen(no_guts),0.003643189320353,2279110,0.971931346322213,98.48,1606615,0.704,99.349,0.91384,Br,NA,Br_Os_0.9952,GCA_905332935.1_iyBomHort1.1_genomic.fna,../results/a.process_radtags/BB_P1_PG_83_1.fq.gz,Yes
86,TM8,BB_P1_PG_86_1,7/26/2013,Os,TL471859,285900,547100,Bh,NA,thorax,0.005013227743595,3136180,0.978315154748034,99.61,2242284,0.714,131.974,0.87502,Bh,86_bh_Os_3,NA,GCA_905332935.1_iyBomHort1.1_genomic.fna,../results/a.process_radtags/BB_P1_PG_86_1.fq.gz,No
87,TM1,BB_P1_PG_87_1,7/26/2013,Os,TL471859,285900,547100,Bh,NA,leg_abdomen(no_guts),0.005470802385869,3422430,0.980877864236275,99.43,2578734,0.753,158.39,0.91712,Br,NA,Br_Os_0.9971,GCA_905332935.1_iyBomHort1.1_genomic.fna,../results/a.process_radtags/BB_P1_PG_87_1.fq.gz,No
88,TM3,BB_P1_PG_88_1,7/26/2013,Os,TL471859,285900,547100,Br,NA,leg_abdomen(no_guts),0.004972683033633,3110816,0.975822267504671,99.28,2250646,0.723,139.271,0.91757,Br,NA,Br_Os_0.9879,GCA_905332935.1_iyBomHort1.1_genomic.fna,../results/a.process_radtags/BB_P1_PG_88_1.fq.gz,No
9,UP9,BB_P1_PG_9_1,7/22/2010,Ut,SP379434,243400,437900,Bh,NA,thorax,0.004841740756527,3028901,0.982814940183908,98.95,2096688,0.686,126.358,0.88143,Bh,NA,NA,GCA_905332935.1_iyBomHort1.1_genomic.fna,../results/a.process_radtags/BB_P1_PG_9_1.fq.gz,Yes
90,TM7,BB_P1_PG_90_1,7/26/2013,Os,TL471859,285900,547100,Bh,NA,leg_abdomen(no_guts),0.004707783681952,2945100,0.974498133957344,92.79,1928495,0.654,114.439,0.88203,Bh,NA,NA,GCA_905332935.1_iyBomHort1.1_genomic.fna,../results/a.process_radtags/BB_P1_PG_90_1.fq.gz,No
91,TM5,BB_P1_PG_91_1,7/26/2013,Os,TL471859,285900,547100,Bh,NA,leg_abdomen(no_guts),0.005743641556758,3593113,0.97999621432795,99.45,2555253,0.711,150.759,0.87675,Bh,91_bh_Os_3,NA,GCA_905332935.1_iyBomHort1.1_genomic.fna,../results/a.process_radtags/BB_P1_PG_91_1.fq.gz,No
92,TM10,BB_P1_PG_92_1,7/26/2013,Os,TL471859,285900,547100,Br,NA,leg_abdomen(no_guts),0.005208054634077,3258060,0.97589628492292,99.51,2396996,0.735,147.989,0.91244,Br,NA,Br_Os_0.9826,GCA_905332935.1_iyBomHort1.1_genomic.fna,../results/a.process_radtags/BB_P1_PG_92_1.fq.gz,Yes
93,TM20,BB_P1_PG_93_1,7/26/2013,Os,TL469857,285700,546900,Bt,NA,leg_abdomen(no_guts),0.003735989454091,2337164,0.980521011548108,84.24,1393140,0.595,100.058,0.87738,Bt,NA,NA,GCA_905332935.1_iyBomHort1.1_genomic.fna,../results/a.process_radtags/BB_P1_PG_93_1.fq.gz,Yes
96,TM15,BB_P1_PG_96_1,7/26/2013,Os,TL469857,285700,546900,Bh,NA,leg_abdomen(no_guts),0.003635484482709,2274290,0.981154232100964,98.41,1555253,0.683,92.935,0.87851,Bh,96_bh_Os_1,NA,GCA_905332935.1_iyBomHort1.1_genomic.fna,../results/a.process_radtags/BB_P1_PG_96_1.fq.gz,No
99,TM19,BB_P1_PG_99_1,7/26/2013,Os,TL469857,285700,546900,Bt,NA,leg_abdomen(no_guts),0.004800975451628,3003399,0.982580247297282,83.67,1912678,0.636,135.013,0.88224,Bt,NA,NA,GCA_905332935.1_iyBomHort1.1_genomic.fna,../results/a.process_radtags/BB_P1_PG_99_1.fq.gz,No
115,TM30,BB_P2_PG_115_1,7/27/2013,Os,TL528936,293600,552800,Bt,NA,leg_abdomen(no_guts),0.00504895133523,3158528,0.968576510272922,77.57,1760894,0.557,125.23,0.85975,Bt,NA,NA,GCA_905332935.1_iyBomHort1.1_genomic.fna,../results/a.process_radtags/BB_P2_PG_115_1.fq.gz,No
124,TM65,BB_P2_PG_124_1,7/27/2013,Os,TL533927,292700,553300,Br,NA,leg_abdomen(no_guts),0.007350367157493,4598250,0.977009027599536,95.89,3116523,0.677,183.863,0.6277,NA,NA,NA,GCA_905332935.1_iyBomHort1.1_genomic.fna,../results/a.process_radtags/BB_P2_PG_124_1.fq.gz,No
125,TM49,BB_P2_PG_125_1,7/27/2013,Os,TL533927,292700,553300,Bt,NA,leg_abdomen(no_guts),0.004653779483822,2911316,0.959280318007602,79.97,1728743,0.593,120.461,0.88393,Bt,NA,NA,GCA_905332935.1_iyBomHort1.1_genomic.fna,../results/a.process_radtags/BB_P2_PG_125_1.fq.gz,No
126,TM48,BB_P2_PG_126_1,7/27/2013,Os,TL533927,292700,553300,Br,NA,leg_abdomen(no_guts),0.003517763515178,2200646,0.967835512742872,95.27,1514307,0.687,92.347,0.91333,Br,NA,Br_Os_0.9897,GCA_905332935.1_iyBomHort1.1_genomic.fna,../results/a.process_radtags/BB_P2_PG_126_1.fq.gz,No
127,TM44,BB_P2_PG_127_1,7/27/2013,Os,TL533927,292700,553300,Br,NA,leg_abdomen(no_guts),0.006354732691328,3975400,0.982762959670478,98.05,2861265,0.719,174.028,0.9209,Br,NA,Br_Os_0.9913,GCA_905332935.1_iyBomHort1.1_genomic.fna,../results/a.process_radtags/BB_P2_PG_127_1.fq.gz,No
128,TM60,BB_P2_PG_128_1,7/27/2013,Os,TL533927,292700,553300,Bh,NA,leg_abdomen(no_guts),0.006635353428536,4150951,0.96789358128117,99.18,2739799,0.659,160.299,0.89282,Bh,NA,NA,GCA_905332935.1_iyBomHort1.1_genomic.fna,../results/a.process_radtags/BB_P2_PG_128_1.fq.gz,Yes
129,TM63,BB_P2_PG_129_1,7/27/2013,Os,TL533927,292700,553300,Bt,NA,leg_abdomen(no_guts),0.005200159573262,3253121,0.97799546946095,81.3,1949059,0.599,140.288,0.8781,Bt,NA,NA,GCA_905332935.1_iyBomHort1.1_genomic.fna,../results/a.process_radtags/BB_P2_PG_129_1.fq.gz,Yes
131,TM64,BB_P2_PG_131_1,7/27/2013,Os,TL533927,292700,553300,Br,NA,leg_abdomen(no_guts),0.010008392278605,6261060,0.981449819959529,95.19,4189565,0.668,253.005,0.91632,Br,NA,Br_Os_0.9959,GCA_905332935.1_iyBomHort1.1_genomic.fna,../results/a.process_radtags/BB_P2_PG_131_1.fq.gz,Yes
132,TM59,BB_P2_PG_132_1,7/27/2013,Os,TL533927,292700,553300,Bh,NA,leg_abdomen(no_guts),0.00613356069105,3837039,0.979873595803313,99.05,2789836,0.726,168.946,0.91797,Br,NA,Br_Os_0.9782,GCA_905332935.1_iyBomHort1.1_genomic.fna,../results/a.process_radtags/BB_P2_PG_132_1.fq.gz,No
133,TM61,BB_P2_PG_133_1,7/27/2013,Os,TL533927,292700,553300,Br,NA,leg_abdomen(no_guts),0.003824623860257,2392612,0.97546389953661,98.81,1669871,0.697,104.245,0.91336,Br,NA,Br_Os_0.9878,GCA_905332935.1_iyBomHort1.1_genomic.fna,../results/a.process_radtags/BB_P2_PG_133_1.fq.gz,No
134,TM62,BB_P2_PG_134_1,7/27/2013,Os,TL533927,292700,553300,Br,NA,leg_abdomen(no_guts),0.003375965729266,2111940,0.973683070065679,73.61,1061364,0.502,67.029,0.91829,Br,NA,Br_Os_0.9949,GCA_905332935.1_iyBomHort1.1_genomic.fna,../results/a.process_radtags/BB_P2_PG_134_1.fq.gz,Yes
135,TM47,BB_P2_PG_135_1,7/27/2013,Os,TL533927,292700,553300,Br,NA,leg_abdomen(no_guts),0.003342844518478,2091220,0.95802847395385,79.81,1100835,0.526,69.511,0.92129,Br,NA,Br_Os_0.9482,GCA_905332935.1_iyBomHort1.1_genomic.fna,../results/a.process_radtags/BB_P2_PG_135_1.fq.gz,No
136,TM74,BB_P2_PG_136_1,7/28/2013,Os,TL521911,291100,552100,Br,NA,leg_abdomen(no_guts),0.002433903862441,1522604,0.974560741550063,97.48,1104918,0.725,69.69,0.91841,Br,NA,Br_Os_0.998,GCA_905332935.1_iyBomHort1.1_genomic.fna,../results/a.process_radtags/BB_P2_PG_136_1.fq.gz,Yes
137,TM68,BB_P2_PG_137_1,7/28/2013,Os,TL521911,291100,552100,Br,NA,thorax,0.002832969694036,1772252,0.978195739382124,99,1119385,0.631,69.56,0.93713,Br,NA,Br_Os_0.989,GCA_905332935.1_iyBomHort1.1_genomic.fna,../results/a.process_radtags/BB_P2_PG_137_1.fq.gz,No
138,TM82,BB_P2_PG_138_1,7/28/2013,Os,TL521911,291100,552100,Br,NA,leg_abdomen(no_guts),0.002696891391338,1687124,0.979466958337107,99.08,1171878,0.694,72.15,0.91089,Br,NA,Br_Os_0.9988,GCA_905332935.1_iyBomHort1.1_genomic.fna,../results/a.process_radtags/BB_P2_PG_138_1.fq.gz,Yes
139,TM67,BB_P2_PG_139_1,7/28/2013,Os,TL521911,291100,552100,Bh,NA,leg_abdomen(no_guts),0.002094806284836,1310471,0.98150270228166,98.55,905216,0.69,56.147,0.9202,Br,NA,Br_Os_0.9787,GCA_905332935.1_iyBomHort1.1_genomic.fna,../results/a.process_radtags/BB_P2_PG_139_1.fq.gz,Yes
140,TM93,BB_P2_PG_140_1,7/28/2013,Os,TL521911,291100,552100,Bt,NA,leg_abdomen(no_guts),0.005172553235892,3235851,0.97270820626572,58.36,1365771,0.422,96.451,0.87589,Bt,NA,NA,GCA_905332935.1_iyBomHort1.1_genomic.fna,../results/a.process_radtags/BB_P2_PG_140_1.fq.gz,No
141,TM91,BB_P2_PG_141_1,7/28/2013,Os,TL521911,291100,552100,Br,NA,leg_abdomen(no_guts),0.004950334208922,3096835,0.974817396932042,98.19,2160988,0.697,135.834,0.91357,Br,NA,Br_Os_0.9868,GCA_905332935.1_iyBomHort1.1_genomic.fna,../results/a.process_radtags/BB_P2_PG_141_1.fq.gz,No
142,TM95,BB_P2_PG_142_1,7/28/2013,Os,TL521911,291100,552100,Bh,NA,leg_abdomen(no_guts),0.003743433733948,2341821,0.97327608492005,97.91,1628053,0.694,101.241,0.91967,Br,NA,Br_Os_0.996,GCA_905332935.1_iyBomHort1.1_genomic.fna,../results/a.process_radtags/BB_P2_PG_142_1.fq.gz,Yes
143,TM73,BB_P2_PG_143_1,7/28/2013,Os,TL521911,291100,552100,Bh,NA,thorax,0.003754223703679,2348571,0.979261221135392,98.28,1454507,0.619,86.867,0.877,Bh,NA,NA,GCA_905332935.1_iyBomHort1.1_genomic.fna,../results/a.process_radtags/BB_P2_PG_143_1.fq.gz,Yes
144,TM78,BB_P2_PG_144_1,7/28/2013,Os,TL521911,291100,552100,Bh,NA,thorax,0.003442922686614,2153827,0.978001819029703,98.77,1307931,0.607,81.245,0.91418,Br,144_br_Os_2,NA,GCA_905332935.1_iyBomHort1.1_genomic.fna,../results/a.process_radtags/BB_P2_PG_144_1.fq.gz,No
145,TM90,BB_P2_PG_145_1,7/28/2013,Os,TL521911,291100,552100,Bh,NA,leg_abdomen(no_guts),0.003277318231191,2050228,0.975893819328355,99.24,1403045,0.684,84.376,0.88935,Bh,NA,NA,GCA_905332935.1_iyBomHort1.1_genomic.fna,../results/a.process_radtags/BB_P2_PG_145_1.fq.gz,No
146,TM72,BB_P2_PG_146_1,7/28/2013,Os,TL521911,291100,552100,Br,NA,leg_abdomen(no_guts),0.004085210421074,2555630,0.975160337127699,98.99,1769395,0.692,110.819,0.93083,Br,NA,Br_Os_0.998,GCA_905332935.1_iyBomHort1.1_genomic.fna,../results/a.process_radtags/BB_P2_PG_146_1.fq.gz,No
147,TM99,BB_P2_PG_147_1,7/28/2013,Os,TL521911,291100,552100,Br,NA,leg_abdomen(no_guts),0.004313335957401,2698341,0.975777521910633,99.09,1813371,0.671,112.448,0.91737,Br,147_br_Os_3,NA,GCA_905332935.1_iyBomHort1.1_genomic.fna,../results/a.process_radtags/BB_P2_PG_147_1.fq.gz,No
148,TM94,BB_P2_PG_148_1,7/28/2013,Os,TL521911,291100,552100,Br,NA,leg_abdomen(no_guts),0.003487623533065,2181791,0.96983445891433,98.45,1434139,0.657,89.01,0.91382,Br,148_br_Os_2,NA,GCA_905332935.1_iyBomHort1.1_genomic.fna,../results/a.process_radtags/BB_P2_PG_148_1.fq.gz,No
149,TM89,BB_P2_PG_149_1,7/28/2013,Os,TL521911,291100,552100,Br,NA,leg_abdomen(no_guts),0.004141211163232,2590663,0.981399101813987,98.85,1811365,0.699,109.387,0.91361,Br,149_br_Os_2,NA,GCA_905332935.1_iyBomHort1.1_genomic.fna,../results/a.process_radtags/BB_P2_PG_149_1.fq.gz,No
150,TM98,BB_P2_PG_150_1,7/28/2013,Os,TL521911,291100,552100,Bh,NA,leg_abdomen(no_guts),0.008845470121739,5533558,0.98138918275178,99.39,3755248,0.678,218.478,0.86998,Bh,150_bh_Os_4,NA,GCA_905332935.1_iyBomHort1.1_genomic.fna,../results/a.process_radtags/BB_P2_PG_150_1.fq.gz,Yes
151,TM71,BB_P2_PG_151_1,7/28/2013,Os,TL521911,291100,552100,Bt,NA,leg_abdomen(no_guts),0.002074836049008,1297978,0.974498927882854,82.09,786133,0.605,57.182,0.87717,Bt,NA,NA,GCA_905332935.1_iyBomHort1.1_genomic.fna,../results/a.process_radtags/BB_P2_PG_151_1.fq.gz,No
152,TM84,BB_P2_PG_152_1,7/28/2013,Os,TL521911,291100,552100,Br,NA,leg_abdomen(no_guts),0.003627034737524,2269004,0.984534718130247,90.15,1361949,0.599,83.6,0.91473,Br,NA,Br_Os_0.9841,GCA_905332935.1_iyBomHort1.1_genomic.fna,../results/a.process_radtags/BB_P2_PG_152_1.fq.gz,Yes
153,TM101,BB_P2_PG_153_1,7/28/2013,Os,TL521911,291100,552100,Br,NA,leg_abdomen(no_guts),0.004898256220204,3064256,0.980770000163235,98.58,2122841,0.692,131.675,0.91477,Br,153_br_Os_2,Br_Os_0.998,GCA_905332935.1_iyBomHort1.1_genomic.fna,../results/a.process_radtags/BB_P2_PG_153_1.fq.gz,Yes
154,TM97,BB_P2_PG_154_1,7/28/2013,Os,TL521911,291100,552100,Br,NA,leg_abdomen(no_guts),0.005474809860552,3424937,0.979592916597784,98.97,2460402,0.718,152.484,0.91182,Br,154_br_Os_1,Br_Os_0.9887,GCA_905332935.1_iyBomHort1.1_genomic.fna,../results/a.process_radtags/BB_P2_PG_154_1.fq.gz,No
155,TM69,BB_P2_PG_155_1,7/28/2013,Os,TL521911,291100,552100,Bt,NA,leg_abdomen(no_guts),0.003617235846495,2262874,0.973755756581071,82.78,1302704,0.575,94.459,0.87341,Bt,NA,NA,GCA_905332935.1_iyBomHort1.1_genomic.fna,../results/a.process_radtags/BB_P2_PG_155_1.fq.gz,Yes
156,TM85,BB_P2_PG_156_1,7/28/2013,Os,TL521911,291100,552100,Bh,NA,leg_abdomen(no_guts),0.006621254534755,4142131,0.977117721269354,99.51,2762097,0.666,162.018,0.87214,Bh,156_bh_Os_4,NA,GCA_905332935.1_iyBomHort1.1_genomic.fna,../results/a.process_radtags/BB_P2_PG_156_1.fq.gz,No
157,TM79,BB_P2_PG_157_1,7/28/2013,Os,TL521911,291100,552100,Br,NA,leg_abdomen(no_guts),0.00441929186164,2764625,0.97447584417269,99.18,1873921,0.677,117.207,0.91564,Br,NA,Br_Os_0.9722,GCA_905332935.1_iyBomHort1.1_genomic.fna,../results/a.process_radtags/BB_P2_PG_157_1.fq.gz,Yes
159,TM76,BB_P2_PG_159_1,7/28/2013,Os,TL521911,291100,552100,Bh,NA,leg_abdomen(no_guts),0.00607617243871,3801138,0.972602319115586,73.73,1860320,0.489,112.98,0.87399,Bh,159_bh_Os_4,NA,GCA_905332935.1_iyBomHort1.1_genomic.fna,../results/a.process_radtags/BB_P2_PG_159_1.fq.gz,No
16,RH5,BB_P2_PG_16_1,7/17/2013,Ut,SP35364 46736,246736,435364,Bh,NA,leg_abdomen(no_guts),0.005560365528687,3478459,0.972756620891429,99.11,2264994,0.651,138.694,0.88414,Bh,NA,NA,GCA_905332935.1_iyBomHort1.1_genomic.fna,../results/a.process_radtags/BB_P2_PG_16_1.fq.gz,No
161,TM100,BB_P2_PG_161_1,7/28/2013,Os,TL521911,291100,552100,Bh,NA,leg_abdomen(no_guts),0.005065081940349,3168619,0.971894188514933,96.11,2034583,0.642,126.301,0.90831,Br,161_br_Os_4,Br_Os_0.997,GCA_905332935.1_iyBomHort1.1_genomic.fna,../results/a.process_radtags/BB_P2_PG_161_1.fq.gz,No
162,TM92,BB_P2_PG_162_1,7/28/2013,Os,TL521911,291100,552100,Br,NA,leg_abdomen(no_guts),0.005939159005302,3715425,0.970726600457535,60.23,1640496,0.441,102.952,0.93661,Br,162_br_Os_3,Br_Os_0.9961,GCA_905332935.1_iyBomHort1.1_genomic.fna,../results/a.process_radtags/BB_P2_PG_162_1.fq.gz,No
163,TM70,BB_P2_PG_163_1,7/28/2013,Os,TL521911,291100,552100,Br,NA,leg_abdomen(no_guts),0.004064650333567,2542768,0.979066925310746,99.39,1816621,0.714,109.686,0.91279,Br,163_br_Os_4,NA,GCA_905332935.1_iyBomHort1.1_genomic.fna,../results/a.process_radtags/BB_P2_PG_163_1.fq.gz,Yes
164,TM96,BB_P2_PG_164_1,7/28/2013,Os,TL521911,291100,552100,Bt,NA,leg_abdomen(no_guts),0.004051622444189,2534618,0.977627659422646,83.56,1537766,0.606,110.824,0.88216,Bt,NA,NA,GCA_905332935.1_iyBomHort1.1_genomic.fna,../results/a.process_radtags/BB_P2_PG_164_1.fq.gz,No
165,TM81,BB_P2_PG_165_1,7/28/2013,Os,TL521911,291100,552100,Br,NA,leg_abdomen(no_guts),0.00296005155975,1851752,0.984860790004558,97.95,1278035,0.69,76.978,0.66129,Br,165_br_Os_4,NA,GCA_905332935.1_iyBomHort1.1_genomic.fna,../results/a.process_radtags/BB_P2_PG_165_1.fq.gz,Yes
167,LH6,BB_P2_PG_167_1,7/13/2010,Hd,SP,227923,467483,Bh,Bhor,leg_abdomen(no_guts),0.005783105671233,3617801,0.977147587652367,99.37,2649489,0.732,162.051,0.92327,Br,NA,Br_Ut_0.997,GCA_905332935.1_iyBomHort1.1_genomic.fna,../results/a.process_radtags/BB_P2_PG_167_1.fq.gz,Yes
168,LH29,BB_P2_PG_168_1,7/19/2010,Hd,SP,230751,468845,Bt,Bter,leg_abdomen(no_guts),0.00499105955097,3122312,0.980822470338739,99.43,2187723,0.7,136.075,0.92012,Br,NA,Br_Ut_0.9977,GCA_905332935.1_iyBomHort1.1_genomic.fna,../results/a.process_radtags/BB_P2_PG_168_1.fq.gz,Yes
169,LH21,BB_P2_PG_169_1,7/14/2010,Hd,SP,230618,469642,Br,Brud,leg_abdomen(no_guts),0.004107431364663,2569531,0.981220892134595,99.15,1772841,0.689,110.763,0.91646,Br,NA,Br_Os_0.9946,GCA_905332935.1_iyBomHort1.1_genomic.fna,../results/a.process_radtags/BB_P2_PG_169_1.fq.gz,Yes
170,SH4,BB_P2_PG_170_1,7/13/2010,Hd,SP,228031,467484,Br,Brud,leg_abdomen(no_guts),1.66389325813838e-05,10409,0.805338491295938,13.14,NA,NA,NA,NA,NA,NA,NA,GCA_905332935.1_iyBomHort1.1_genomic.fna,../results/a.process_radtags/BB_P2_PG_170_1.fq.gz,No
171,SH6,BB_P2_PG_171_1,7/13/2010,Hd,SP,228031,467484,Br,Brud,leg_abdomen(no_guts),0.004583534383106,2867372,0.978671016358103,99.3,1710888,0.595,108.54,0.92228,Br,NA,Br_Ut_0.9941,GCA_905332935.1_iyBomHort1.1_genomic.fna,../results/a.process_radtags/BB_P2_PG_171_1.fq.gz,Yes
172,CC30,BB_P2_PG_172_1,7/14/2010,Hd,SP,230618,469642,Br,Brud,leg_abdomen(no_guts),0.004565009203964,2855783,0.973496122252588,98.92,1791414,0.626,112.876,0.93704,Br,NA,Br_Ut_0.6097,GCA_905332935.1_iyBomHort1.1_genomic.fna,../results/a.process_radtags/BB_P2_PG_172_1.fq.gz,Yes
173,CC31,BB_P2_PG_173_1,7/14/2010,Hd,SP,230618,469642,Br,Brud,leg_abdomen(no_guts),0.00288579099178,1805296,0.976911334263727,99.14,1270477,0.703,80.022,0.92598,Br,NA,Br_Ut_0.985,GCA_905332935.1_iyBomHort1.1_genomic.fna,../results/a.process_radtags/BB_P2_PG_173_1.fq.gz,No
174,SH14,BB_P2_PG_174_1,7/13/2010,Hd,SP,227946,468611,Br,Brud,leg_abdomen(no_guts),0.003514536115343,2198627,0.96556193029208,98.41,1470636,0.668,92.707,0.91997,Br,NA,Br_Os_0.9683,GCA_905332935.1_iyBomHort1.1_genomic.fna,../results/a.process_radtags/BB_P2_PG_174_1.fq.gz,Yes
175,SH13,BB_P2_PG_175_1,7/13/2010,Hd,SP,227946,468611,Br,Brud,leg_abdomen(no_guts),0.003881121740279,2427956,0.982158611781829,98.46,1646772,0.677,102.501,0.91528,Br,NA,Br_Os_0.7577,GCA_905332935.1_iyBomHort1.1_genomic.fna,../results/a.process_radtags/BB_P2_PG_175_1.fq.gz,Yes
176,SH16,BB_P2_PG_176_1,7/13/2010,Hd,SP,227946,468611,Bh,Bhor,leg_abdomen(no_guts),0.003447881277148,2156929,0.979247176115934,99.43,1475314,0.683,88.374,0.88136,Bh,NA,NA,GCA_905332935.1_iyBomHort1.1_genomic.fna,../results/a.process_radtags/BB_P2_PG_176_1.fq.gz,Yes
177,MH33,BB_P2_PG_177_1,7/14/2010,Hd,SP,230618,469642,Bh,Bhor,leg_abdomen(no_guts),0.00309788183383,1937976,0.979655468395357,99.34,1384906,0.714,84.769,0.92911,Br,NA,Br_Ut_0.9307,GCA_905332935.1_iyBomHort1.1_genomic.fna,../results/a.process_radtags/BB_P2_PG_177_1.fq.gz,No
178,CC14,BB_P2_PG_178_1,7/13/2010,Hd,SP,227946,468611,Bh,Bhor,leg_abdomen(no_guts),0.004371769637919,2734896,0.98180521895089,99.07,1768384,0.646,105.596,0.8807,Bh,NA,NA,GCA_905332935.1_iyBomHort1.1_genomic.fna,../results/a.process_radtags/BB_P2_PG_178_1.fq.gz,Yes
180,LH12,BB_P2_PG_180_1,7/13/2010,Hd,SP,227946,468611,Br,Brud,leg_abdomen(no_guts),0.007766732107966,4858720,0.97814084550141,99.43,3215396,0.661,191.453,0.88623,Bh,NA,NA,GCA_905332935.1_iyBomHort1.1_genomic.fna,../results/a.process_radtags/BB_P2_PG_180_1.fq.gz,No
181,MH9,BB_P2_PG_181_1,7/13/2010,Hd,SP,227946,468611,Bh,Bhor,leg_abdomen(no_guts),0.008109718870216,5073286,0.972826814374091,99.24,3529167,0.695,207.805,0.88624,Bh,NA,NA,GCA_905332935.1_iyBomHort1.1_genomic.fna,../results/a.process_radtags/BB_P2_PG_181_1.fq.gz,Yes
182,LH10,BB_P2_PG_182_1,7/13/2010,Hd,SP,227946,468611,Bh,Bhor,leg_abdomen(no_guts),0.006685497215273,4182320,0.97514298438072,99.06,2802174,0.669,167.947,0.88895,Bh,NA,NA,GCA_905332935.1_iyBomHort1.1_genomic.fna,../results/a.process_radtags/BB_P2_PG_182_1.fq.gz,No
183,LH46,BB_P2_PG_183_1,7/19/2010,Hd,SP,230440,469034,Bh,Bhor,leg_abdomen(no_guts),0.007278366888368,4553208,0.971672547012356,99.16,3318633,0.728,197.38,0.88222,Bh,NA,NA,GCA_905332935.1_iyBomHort1.1_genomic.fna,../results/a.process_radtags/BB_P2_PG_183_1.fq.gz,No
184,LH45,BB_P2_PG_184_1,7/19/2010,Hd,SP,230440,469034,Bh,Bhor,leg_abdomen(no_guts),0.006293293804426,3936965,0.979642562899111,98.41,2735851,0.694,163.429,0.83433,Bh,NA,NA,GCA_905332935.1_iyBomHort1.1_genomic.fna,../results/a.process_radtags/BB_P2_PG_184_1.fq.gz,Yes
187,LH5,BB_P2_PG_187_1,7/13/2010,Hd,SP,228031,467484,Bh,Bhor,leg_abdomen(no_guts),0.004032697636539,2522779,0.976278570646308,99.45,1765388,0.699,103.944,0.88535,Bh,NA,NA,GCA_905332935.1_iyBomHort1.1_genomic.fna,../results/a.process_radtags/BB_P2_PG_187_1.fq.gz,No
189,MH32,BB_P2_PG_189_1,7/14/2010,Hd,SP,230618,469642,Br,Brud,leg_abdomen(no_guts),0.00829374140434,5188407,0.97984488013611,99,3426819,0.66,206.736,0.88432,Bh,NA,NA,GCA_905332935.1_iyBomHort1.1_genomic.fna,../results/a.process_radtags/BB_P2_PG_189_1.fq.gz,No
190,LH11,BB_P2_PG_190_1,7/13/2010,Hd,SP,227946,468611,Br,Brud,leg_abdomen(no_guts),0.00784519037379,4907802,0.978159729883088,99.44,3299662,0.672,197.082,0.88479,Bh,NA,NA,GCA_905332935.1_iyBomHort1.1_genomic.fna,../results/a.process_radtags/BB_P2_PG_190_1.fq.gz,No
191,SH66,BB_P2_PG_191_1,7/19/2010,Hd,SP,230440,469034,Bh,Bhor,leg_abdomen(no_guts),0.007142074384789,4467946,0.97448850730897,99.55,3034149,0.679,183.728,0.88371,Bh,NA,NA,GCA_905332935.1_iyBomHort1.1_genomic.fna,../results/a.process_radtags/BB_P2_PG_191_1.fq.gz,Yes
192,SH30,BB_P2_PG_192_1,7/14/2010,Hd,SP,230618,469642,Br,Brud,leg_abdomen(no_guts),0.007075051888365,4426018,0.976145621102656,99.27,3310486,0.747,202.365,0.91303,Br,NA,Br_Os_0.555,GCA_905332935.1_iyBomHort1.1_genomic.fna,../results/a.process_radtags/BB_P2_PG_192_1.fq.gz,Yes
193,SH35,BB_P2_PG_193_1,7/14/2010,Hd,SP,230618,469642,Br,Brud,leg_abdomen(no_guts),0.006496436164913,4064047,0.985033911048395,99,2946329,0.724,178.319,0.91574,Br,NA,Br_Os_0.5852,GCA_905332935.1_iyBomHort1.1_genomic.fna,../results/a.process_radtags/BB_P2_PG_193_1.fq.gz,Yes
194,CC8,BB_P2_PG_194_1,7/13/2010,Hd,SP,227923,467483,Br,Brud,leg_abdomen(no_guts),0.004773031827797,2985918,0.980840885566625,99.25,2245637,0.751,134.951,0.93528,Br,NA,Br_Ut_0.9743,GCA_905332935.1_iyBomHort1.1_genomic.fna,../results/a.process_radtags/BB_P2_PG_194_1.fq.gz,No
196,SH3,BB_P2_PG_196_1,7/13/2010,Hd,SP,228299,467152,Br,Brud,leg_abdomen(no_guts),0.006667402036406,4171000,0.980939067479953,99.63,3041714,0.729,183.418,0.91965,Br,NA,Br_Ut_0.7672,GCA_905332935.1_iyBomHort1.1_genomic.fna,../results/a.process_radtags/BB_P2_PG_196_1.fq.gz,No
197,SH23,BB_P2_PG_197_1,7/14/2010,Hd,SP,228872,469546,Br,Brud,leg_abdomen(no_guts),0.009143129420036,5719768,0.970303768290204,98.53,4069938,0.711,248.287,0.91687,Br,NA,Br_Os_0.8109,GCA_905332935.1_iyBomHort1.1_genomic.fna,../results/a.process_radtags/BB_P2_PG_197_1.fq.gz,No
198,MH31,BB_P2_PG_198_1,7/14/2010,Hd,SP,230618,469642,Br,Brud,leg_abdomen(no_guts),0.008295077762073,5189243,0.975998960287223,99.29,3802256,0.732,233.62,0.91724,Br,NA,Br_Ut_0.6462,GCA_905332935.1_iyBomHort1.1_genomic.fna,../results/a.process_radtags/BB_P2_PG_198_1.fq.gz,No
199,SH31,BB_P2_PG_199_1,7/14/2010,Hd,SP,230618,469642,Br,Brud,leg_abdomen(no_guts),0.007283662765363,4556521,0.980437178505663,98.45,3335733,0.731,207.196,0.92208,Br,NA,Br_Ut_0.7264,GCA_905332935.1_iyBomHort1.1_genomic.fna,../results/a.process_radtags/BB_P2_PG_199_1.fq.gz,No
200,LH20,BB_P2_PG_200_1,7/14/2010,Hd,SP,230618,469642,Br,Brud,leg_abdomen(no_guts),0.007486288805816,4683280,0.973981098451061,99.51,3489817,0.744,212.983,0.91354,Br,NA,Br_Ut_0.6695,GCA_905332935.1_iyBomHort1.1_genomic.fna,../results/a.process_radtags/BB_P2_PG_200_1.fq.gz,No
201,LH18,BB_P2_PG_201_1,7/14/2010,Hd,SP,230364,469542,Br,Brud,leg_abdomen(no_guts),0.004044465896858,2530141,0.974084257827659,99.22,1854945,0.732,114.876,0.92156,Br,NA,Br_Ut_0.9389,GCA_905332935.1_iyBomHort1.1_genomic.fna,../results/a.process_radtags/BB_P2_PG_201_1.fq.gz,No
202,CC29,BB_P2_PG_202_1,7/14/2010,Hd,SP,230618,469642,Bh,Bhor,leg_abdomen(no_guts),0.006150153266724,3847419,0.976327833808375,99.13,2586350,0.672,154.648,0.88604,Bh,NA,NA,GCA_905332935.1_iyBomHort1.1_genomic.fna,../results/a.process_radtags/BB_P2_PG_202_1.fq.gz,Yes
203,SH26,BB_P2_PG_203_1,7/14/2010,Hd,SP,228872,469546,Br,Brud,leg_abdomen(no_guts),0.005762200304694,3604723,0.972304325239076,97.2,2591716,0.718,158.291,0.91787,Br,NA,Br_Ut_0.994,GCA_905332935.1_iyBomHort1.1_genomic.fna,../results/a.process_radtags/BB_P2_PG_203_1.fq.gz,No
204,CC28,BB_P2_PG_204_1,7/14/2010,Hd,SP,230618,469642,Br,Brud,leg_abdomen(no_guts),0.005947068452743,3720373,0.976211430394707,99.01,2547745,0.684,150.596,0.88706,Bh,NA,NA,GCA_905332935.1_iyBomHort1.1_genomic.fna,../results/a.process_radtags/BB_P2_PG_204_1.fq.gz,No
205,MH24,BB_P2_PG_205_1,7/14/2010,Hd,SP,230364,469542,Bt,Bter,leg_abdomen(no_guts),0.006699204473115,4190895,0.979691750536319,17.68,555847,0.133,41.672,NA,NA,NA,NA,GCA_905332935.1_iyBomHort1.1_genomic.fna,../results/a.process_radtags/BB_P2_PG_205_1.fq.gz,Yes
218,CC5,BB_P2_PG_218_1,7/13/2010,Hd,SP,228031,467484,Bh,Bhor,leg_abdomen(no_guts),0.004351182375673,2722017,0.982793281808617,99.15,1868860,0.686,110.826,0.8847,Bh,NA,NA,GCA_905332935.1_iyBomHort1.1_genomic.fna,../results/a.process_radtags/BB_P2_PG_218_1.fq.gz,No
219,CC3,BB_P2_PG_219_1,7/13/2010,Hd,SP,228299,467152,Bt,Bter,leg_abdomen(no_guts),0.002019321255116,1263249,0.978525483124344,81.83,764643,0.605,56.51,0.87839,Bt,NA,NA,GCA_905332935.1_iyBomHort1.1_genomic.fna,../results/a.process_radtags/BB_P2_PG_219_1.fq.gz,Yes
222,SH22,BB_P2_PG_222_1,7/14/2010,Hd,SP,228872,469546,Bh,Bhor,leg_abdomen(no_guts),0.005547243326981,3470250,0.977888352920689,99.27,2357103,0.679,141.291,0.8825,Bh,NA,NA,GCA_905332935.1_iyBomHort1.1_genomic.fna,../results/a.process_radtags/BB_P2_PG_222_1.fq.gz,No
224,LH50,BB_P2_PG_224_1,7/19/2010,Hd,SP,230333,468886,Bh,Bhor,leg_abdomen(no_guts),0.00196747025539,1230812,0.981065962253082,99.18,788289,0.639,48.287,0.88754,Bh,NA,NA,GCA_905332935.1_iyBomHort1.1_genomic.fna,../results/a.process_radtags/BB_P2_PG_224_1.fq.gz,No
228,LH8,BB_P2_PG_228_1,7/13/2010,Hd,SP,228235,468282,Bt,Bter,leg_abdomen(no_guts),0.00536112194393,3353816,0.973375246295732,81.5,1899501,0.566,136.28,0.87921,Bt,NA,NA,GCA_905332935.1_iyBomHort1.1_genomic.fna,../results/a.process_radtags/BB_P2_PG_228_1.fq.gz,No
230,CC11,BB_P2_PG_230_1,7/13/2010,Hd,SP,228235,468282,Bt,Bter,leg_abdomen(no_guts),0.004339748204787,2714864,0.972410804150593,79.67,1464775,0.539,107.792,0.88182,Bt,NA,NA,GCA_905332935.1_iyBomHort1.1_genomic.fna,../results/a.process_radtags/BB_P2_PG_230_1.fq.gz,Yes
232,LH37,BB_P2_PG_232_1,7/19/2010,Hd,SP,230751,468845,Bt,Bter,leg_abdomen(no_guts),0.005355565509147,3350340,0.972649547836437,81.69,1911390,0.57,137.091,0.85937,Bt,NA,NA,GCA_905332935.1_iyBomHort1.1_genomic.fna,../results/a.process_radtags/BB_P2_PG_232_1.fq.gz,No
233,SH51,BB_P2_PG_233_1,7/19/2010,Hd,SP,230751,468845,Bt,Bter,leg_abdomen(no_guts),0.004601482498681,2878600,0.975833658769418,80.73,1595287,0.554,116.789,0.88407,Bt,NA,NA,GCA_905332935.1_iyBomHort1.1_genomic.fna,../results/a.process_radtags/BB_P2_PG_233_1.fq.gz,No
236,SH49,BB_P2_PG_236_1,7/19/2010,Hd,SP,230751,468845,Bt,Bter,leg_abdomen(no_guts),0.00409454414452,2561469,0.971363117864955,81.26,1368237,0.534,98.738,0.87717,Bt,NA,NA,GCA_905332935.1_iyBomHort1.1_genomic.fna,../results/a.process_radtags/BB_P2_PG_236_1.fq.gz,No
237,CC23,BB_P2_PG_237_1,7/14/2010,Hd,SP,230364,469542,Bt,Bter,leg_abdomen(no_guts),0.006059111498424,3790465,0.959610177708636,28.37,768421,0.203,57.709,NA,NA,NA,NA,GCA_905332935.1_iyBomHort1.1_genomic.fna,../results/a.process_radtags/BB_P2_PG_237_1.fq.gz,No
238,MH16,BB_P2_PG_238_1,7/14/2010,Hd,SP,228872,469546,Br,Brud,leg_abdomen(no_guts),0.005695206581523,3562813,0.957455876918943,94.6,2200811,0.617,135.004,0.87478,Bh,NA,NA,GCA_905332935.1_iyBomHort1.1_genomic.fna,../results/a.process_radtags/BB_P2_PG_238_1.fq.gz,Yes
240,SH15,BB_P2_PG_240_1,7/13/2010,Hd,SP,227946,468611,Bh,Bhor,leg_abdomen(no_guts),0.003705704007201,2318218,0.981901753830137,99.37,1463106,0.631,88.984,0.88357,Bh,NA,NA,GCA_905332935.1_iyBomHort1.1_genomic.fna,../results/a.process_radtags/BB_P2_PG_240_1.fq.gz,No
241,LH48,BB_P2_PG_241_1,7/19/2010,Hd,SP,230440,469034,Bt,Bter,leg_abdomen(no_guts),0.0044387873388,2776821,0.966991327858354,81.14,1550243,0.558,114.152,0.881,Bt,NA,NA,GCA_905332935.1_iyBomHort1.1_genomic.fna,../results/a.process_radtags/BB_P2_PG_241_1.fq.gz,No
242,SH11,BB_P2_PG_242_1,7/13/2010,Hd,SP,228235,468282,Bt,Bter,leg_abdomen(no_guts),0.005329861403478,3334260,0.971094003248572,23.87,554097,0.166,38.305,NA,NA,NA,NA,GCA_905332935.1_iyBomHort1.1_genomic.fna,../results/a.process_radtags/BB_P2_PG_242_1.fq.gz,Yes
245,CC16,BB_P2_PG_245_1,7/14/2010,Hd,SP,228171,468655,Bt,Bter,leg_abdomen(no_guts),0.001980485356656,1238954,0.978184646115342,83.39,765646,0.617,56.507,0.88508,Bt,NA,NA,GCA_905332935.1_iyBomHort1.1_genomic.fna,../results/a.process_radtags/BB_P2_PG_245_1.fq.gz,No
246,LH16,BB_P2_PG_246_1,7/14/2010,Hd,SP,228872,469546,Bt,Bter,leg_abdomen(no_guts),0.002280158782637,1426424,0.974355961818785,76.09,807598,0.566,58.514,0.8828,Bt,NA,NA,GCA_905332935.1_iyBomHort1.1_genomic.fna,../results/a.process_radtags/BB_P2_PG_246_1.fq.gz,Yes
247,LH36,BB_P2_PG_247_1,7/19/2010,Hd,SP,230751,468845,Bt,Bter,leg_abdomen(no_guts),0.006327064011911,3958091,0.972764928575431,81.16,2194721,0.554,159.857,0.88335,Bt,NA,NA,GCA_905332935.1_iyBomHort1.1_genomic.fna,../results/a.process_radtags/BB_P2_PG_247_1.fq.gz,Yes
248,MH21,BB_P2_PG_248_1,7/14/2010,Hd,SP,228872,469546,Bh,Bhor,leg_abdomen(no_guts),0.006729149436517,4209628,0.972917454872632,99.53,2967137,0.704,176.894,0.87762,Bh,NA,NA,GCA_905332935.1_iyBomHort1.1_genomic.fna,../results/a.process_radtags/BB_P2_PG_248_1.fq.gz,No
252,CC25,BB_P2_PG_252_1,7/14/2010,Hd,SP,230364,469542,Bt,Bter,leg_abdomen(no_guts),0.005807460631057,3633037,0.966765222671731,79.99,2134342,0.587,155.553,0.87941,Bt,NA,NA,GCA_905332935.1_iyBomHort1.1_genomic.fna,../results/a.process_radtags/BB_P2_PG_252_1.fq.gz,Yes
253,SH58,BB_P2_PG_253_1,7/19/2010,Hd,SP,230440,469034,Bt,Bter,leg_abdomen(no_guts),0.005337937096379,3339312,0.981983073475701,81.92,1978965,0.592,142.597,0.87048,Bt,NA,NA,GCA_905332935.1_iyBomHort1.1_genomic.fna,../results/a.process_radtags/BB_P2_PG_253_1.fq.gz,No
123,TM52,BB_P3_PG_123_1,7/27/2013,Os,TL533927,292700,553300,Bh,NA,leg_abdomen(no_guts),0.002745999340981,1717845,0.975835940247094,72.49,890504,0.517,56.908,0.92236,Br,123_br_Os_2,NA,GCA_905332935.1_iyBomHort1.1_genomic.fna,../results/a.process_radtags/BB_P3_PG_123_1.fq.gz,No
130,TM50,BB_P3_PG_130_1,7/27/2013,Os,TL533927,292700,553300,Bt,NA,leg_abdomen(no_guts),0.00212465693591,1329145,0.971860789731718,82.71,828708,0.622,62.565,0.88726,Bt,NA,NA,GCA_905332935.1_iyBomHort1.1_genomic.fna,../results/a.process_radtags/BB_P3_PG_130_1.fq.gz,No
14,RH7,BB_P3_PG_14_1,7/17/2013,Ut,SP35364 46736,246736,435364,Bh,NA,leg_abdomen(no_guts),0.002460464771632,1539220,0.973238194297348,99.21,1059569,0.685,66.347,0.89304,Bh,NA,NA,GCA_905332935.1_iyBomHort1.1_genomic.fna,../results/a.process_radtags/BB_P3_PG_14_1.fq.gz,Yes
15,CC1,BB_P3_PG_15_1,7/17/2013,Ut,SP35410 46789,246789,435410,Bh,NA,leg_abdomen(no_guts),0.002228838489571,1394319,0.974405008162444,99.5,925409,0.659,57.965,0.8941,Bh,NA,NA,GCA_905332935.1_iyBomHort1.1_genomic.fna,../results/a.process_radtags/BB_P3_PG_15_1.fq.gz,No
166,TM80,BB_P3_PG_166_1,7/28/2013,Os,TL521911,291100,552100,Bt,NA,leg_abdomen(no_guts),0.00124083373089,776242,0.972716051703289,78.51,NA,NA,NA,NA,NA,NA,NA,GCA_905332935.1_iyBomHort1.1_genomic.fna,../results/a.process_radtags/BB_P3_PG_166_1.fq.gz,No
188,CC24,BB_P3_PG_188_1,7/14/2010,Hd,SP,230364,469542,Br,Brud,leg_abdomen(no_guts),0.002789977659088,1745357,0.973368073699843,99.26,1329959,0.759,84.965,0.92131,Br,NA,Br_Ut_0.6729,GCA_905332935.1_iyBomHort1.1_genomic.fna,../results/a.process_radtags/BB_P3_PG_188_1.fq.gz,No
211,SH2,BB_P3_PG_211_1,7/13/2010,Hd,SP,228299,467152,Bh,Bhor,leg_abdomen(no_guts),0.003889435611771,2433157,0.970401667722886,99.37,1769396,0.724,109.573,0.88815,Bh,NA,NA,GCA_905332935.1_iyBomHort1.1_genomic.fna,../results/a.process_radtags/BB_P3_PG_211_1.fq.gz,No
216,MH25,BB_P3_PG_216_1,7/14/2010,Hd,SP,230364,469542,Br,Brud,leg_abdomen(no_guts),0.002268270633765,1418987,0.972327804238949,99.49,1028369,0.721,64.393,0.89081,Bh,NA,NA,GCA_905332935.1_iyBomHort1.1_genomic.fna,../results/a.process_radtags/BB_P3_PG_216_1.fq.gz,Yes
23,CC5,BB_P3_PG_23_1,7/17/2013,Ut,SP35467 46753,246753,435467,Bt,NA,leg_abdomen(no_guts),0.002296282993699,1436511,0.928286911804049,77.45,791810,0.55,60.04,0.89536,Bt,NA,NA,GCA_905332935.1_iyBomHort1.1_genomic.fna,../results/a.process_radtags/BB_P3_PG_23_1.fq.gz,Yes
235,LH26,BB_P3_PG_235_1,7/19/2010,Hd,SP,230751,468845,Bt,Bter,leg_abdomen(no_guts),0.001988377220443,1243891,0.972723049926023,79.03,685684,0.55,51.27,0.83386,Bt,NA,NA,GCA_905332935.1_iyBomHort1.1_genomic.fna,../results/a.process_radtags/BB_P3_PG_235_1.fq.gz,Yes
243,SH40,BB_P3_PG_243_1,7/19/2010,Hd,SP,230751,468845,Bt,Bter,leg_abdomen(no_guts),0.002012858462876,1259206,0.971115018586214,81.84,678408,0.537,51.012,0.88762,Bt,NA,NA,GCA_905332935.1_iyBomHort1.1_genomic.fna,../results/a.process_radtags/BB_P3_PG_243_1.fq.gz,No
27,RH3,BB_P3_PG_27_1,7/17/2013,Ut,SP35364 46736,246736,435364,Bt,NA,leg_abdomen(no_guts),0.002466759719898,1543158,0.938076853636697,59.81,639212,0.413,48.989,0.89311,Bt,NA,NA,GCA_905332935.1_iyBomHort1.1_genomic.fna,../results/a.process_radtags/BB_P3_PG_27_1.fq.gz,Yes
28,CC2,BB_P3_PG_28_1,7/17/2013,Ut,SP35410 46789,246789,435410,Bt,NA,leg_abdomen(no_guts),0.00199752551626,1249614,0.977217541859336,79.73,680554,0.543,51.089,0.89648,Bt,NA,NA,GCA_905332935.1_iyBomHort1.1_genomic.fna,../results/a.process_radtags/BB_P3_PG_28_1.fq.gz,Yes
42,CC9,BB_P3_PG_42_1,7/17/2013,Ut,SP35717 46851,246851,435717,Br,NA,leg_abdomen(no_guts),0.001967385534147,1230759,0.980979146723757,99.12,885782,0.716,57.383,0.91993,Br,NA,Br_Ut_0.8257,GCA_905332935.1_iyBomHort1.1_genomic.fna,../results/a.process_radtags/BB_P3_PG_42_1.fq.gz,Yes
55,LC28,BB_P3_PG_55_1,07/04/2013,Ca,TG239035,303500,623900,Bh,NA,leg_abdomen(no_guts),0.003629405333837,2270487,0.976832943616131,99.46,1551669,0.68,95.854,0.89689,Bh,NA,NA,GCA_905332935.1_iyBomHort1.1_genomic.fna,../results/a.process_radtags/BB_P3_PG_55_1.fq.gz,No
89,TM13,BB_P3_PG_89_1,7/26/2013,Os,TL471859,285900,547100,Bt,NA,leg_abdomen(no_guts),0.002419429317862,1513549,0.972101244262155,82.63,889726,0.586,66.645,0.89483,Bt,NA,NA,GCA_905332935.1_iyBomHort1.1_genomic.fna,../results/a.process_radtags/BB_P3_PG_89_1.fq.gz,Yes
