"sample_name"	"BarcodeSequence"	"LinkerPrimerSequence"	"CollectionSite"	"Species"	"Infection"	"Infection.intensity"	"Description"
"169"	"TAAGGCGTAGATCG"	"AGAGTTTGATCCTGGCTCAG"	"Upton"	"B. runderartus"	"Infected"	"High load"	"169"
"242"	"TAAGGCGCTCTCTA"	"AGAGTTTGATCCTGGCTCAG"	"Upton"	"B. terrestris"	"Uninfected"	"No infection"	"242"
"65"	"TAAGGCGTATCCTC"	"AGAGTTTGATCCTGGCTCAG"	"Ouse"	"B. terrestris"	"Uninfected"	"No infection"	"65"
"117"	"TAAGGCGAGAGTAG"	"AGAGTTTGATCCTGGCTCAG"	"Upton"	"B. hortorum"	"Infected"	"High load"	"117"
"172"	"TAAGGCGGTAAGGA"	"AGAGTTTGATCCTGGCTCAG"	"Upton"	"B. runderartus"	"Uninfected"	"No infection"	"172"
"34"	"TAAGGCGACTGCAT"	"AGAGTTTGATCCTGGCTCAG"	"Upton"	"B. runderartus"	"Infected"	"High load"	"34"
"79"	"TAAGGCGAAGGAGT"	"AGAGTTTGATCCTGGCTCAG"	"Hillesden"	"B. terrestris"	"Infected"	"High load"	"79"
"167"	"TAAGGCGCTAAGCC"	"AGAGTTTGATCCTGGCTCAG"	"Upton"	"B. hortorum"	"Infected"	"High load"	"167"
"20"	"CGTACTATAGATCG"	"AGAGTTTGATCCTGGCTCAG"	"Caistor, Norfolk"	"B. hortorum"	"Infected"	"Low load"	"20"
"64"	"CGTACTACTCTCTA"	"AGAGTTTGATCCTGGCTCAG"	"Ouse"	"B. runderartus"	"Uninfected"	"No infection"	"64"
"70"	"CGTACTATATCCTC"	"AGAGTTTGATCCTGGCTCAG"	"Hillesden"	"B. terrestris"	"Infected"	"High load"	"70"
"235"	"CGTACTAAGAGTAG"	"AGAGTTTGATCCTGGCTCAG"	"Hillesden"	"B. terrestris"	"Uninfected"	"No infection"	"235"
"14"	"CGTACTAGTAAGGA"	"AGAGTTTGATCCTGGCTCAG"	"Ouse"	"B. hortorum"	"Infected"	"High load"	"14"
"78"	"CGTACTAACTGCAT"	"AGAGTTTGATCCTGGCTCAG"	"Hillesden"	"B. terrestris"	"Infected"	"High load"	"78"
"178"	"CGTACTAAAGGAGT"	"AGAGTTTGATCCTGGCTCAG"	"Caistor, Norfolk"	"B. hortorum"	"Infected"	"High load"	"178"
"192"	"CGTACTACTAAGCC"	"AGAGTTTGATCCTGGCTCAG"	"Ouse"	"B. runderartus"	"Infected"	"Low load"	"192"
"93"	"AGGCAGATAGATCG"	"AGAGTTTGATCCTGGCTCAG"	"Caistor, Norfolk"	"B. terrestris"	"Infected"	"Low load"	"93"
"77"	"AGGCAGACTCTCTA"	"AGAGTTTGATCCTGGCTCAG"	"Hillesden"	"B. terrestris"	"Infected"	"High load"	"77"
"2"	"AGGCAGATATCCTC"	"AGAGTTTGATCCTGGCTCAG"	"Ouse"	"B. hortorum"	"Infected"	"Low load"	"2"
"63"	"AGGCAGAAGAGTAG"	"AGAGTTTGATCCTGGCTCAG"	"Ouse"	"B. runderartus"	"Uninfected"	"No infection"	"63"
"48"	"AGGCAGAGTAAGGA"	"AGAGTTTGATCCTGGCTCAG"	"Upton"	"B. hortorum"	"Infected"	"Low load"	"48"
"136"	"AGGCAGAACTGCAT"	"AGAGTTTGATCCTGGCTCAG"	"Hillesden"	"B. runderartus"	"Uninfected"	"No infection"	"136"
"163"	"AGGCAGAAAGGAGT"	"AGAGTTTGATCCTGGCTCAG"	"Ouse"	"B. runderartus"	"Uninfected"	"No infection"	"163"
"230"	"AGGCAGACTAAGCC"	"AGAGTTTGATCCTGGCTCAG"	"Upton"	"B. terrestris"	"Infected"	"Low load"	"230"
"246"	"TCCTGAGTAGATCG"	"AGAGTTTGATCCTGGCTCAG"	"Hillesden"	"B. terrestris"	"Uninfected"	"No infection"	"246"
"219"	"TCCTGAGCTCTCTA"	"AGAGTTTGATCCTGGCTCAG"	"Hillesden"	"B. terrestris"	"Uninfected"	"No infection"	"219"
"247"	"TCCTGAGTATCCTC"	"AGAGTTTGATCCTGGCTCAG"	"Upton"	"B. terrestris"	"Infected"	"High load"	"247"
"108"	"TCCTGAGAGAGTAG"	"AGAGTTTGATCCTGGCTCAG"	"Upton"	"B. terrestris"	"Uninfected"	"No infection"	"108"
"176"	"TCCTGAGGTAAGGA"	"AGAGTTTGATCCTGGCTCAG"	"Caistor, Norfolk"	"B. hortorum"	"Infected"	"High load"	"176"
"193"	"TCCTGAGACTGCAT"	"AGAGTTTGATCCTGGCTCAG"	"Hillesden"	"B. runderartus"	"Infected"	"High load"	"193"
"205"	"TCCTGAGAAGGAGT"	"AGAGTTTGATCCTGGCTCAG"	"Ouse"	"B. terrestris"	"Infected"	"High load"	"205"
"202"	"TCCTGAGCTAAGCC"	"AGAGTTTGATCCTGGCTCAG"	"Ouse"	"B. hortorum"	"Infected"	"High load"	"202"
"76"	"GGACTCCTAGATCG"	"AGAGTTTGATCCTGGCTCAG"	"Ouse"	"B. terrestris"	"Uninfected"	"No infection"	"76"
"24"	"GGACTCCCTCTCTA"	"AGAGTTTGATCCTGGCTCAG"	"Caistor, Norfolk"	"B. terrestris"	"Uninfected"	"No infection"	"24"
"181"	"GGACTCCTATCCTC"	"AGAGTTTGATCCTGGCTCAG"	"Caistor, Norfolk"	"B. hortorum"	"Infected"	"High load"	"181"
"191"	"GGACTCCAGAGTAG"	"AGAGTTTGATCCTGGCTCAG"	"Ouse"	"B. hortorum"	"Infected"	"High load"	"191"
"168"	"GGACTCCGTAAGGA"	"AGAGTTTGATCCTGGCTCAG"	"Hillesden"	"B. terrestris"	"Uninfected"	"No infection"	"168"
"153"	"GGACTCCACTGCAT"	"AGAGTTTGATCCTGGCTCAG"	"Ouse"	"B. runderartus"	"Infected"	"High load"	"153"
"150"	"GGACTCCAAGGAGT"	"AGAGTTTGATCCTGGCTCAG"	"Hillesden"	"B. hortorum"	"Infected"	"High load"	"150"
"216"	"GGACTCCCTAAGCC"	"AGAGTTTGATCCTGGCTCAG"	"Hillesden"	"B. runderartus"	"Uninfected"	"No infection"	"216"
"23"	"TAGGCATTAGATCG"	"AGAGTTTGATCCTGGCTCAG"	"Hillesden"	"B. terrestris"	"Infected"	"High load"	"23"
"38"	"TAGGCATCTCTCTA"	"AGAGTTTGATCCTGGCTCAG"	"Hillesden"	"B. runderartus"	"Infected"	"High load"	"38"
"37"	"TAGGCATTATCCTC"	"AGAGTTTGATCCTGGCTCAG"	"Caistor, Norfolk"	"B. runderartus"	"Infected"	"Low load"	"37"
"89"	"TAGGCATAGAGTAG"	"AGAGTTTGATCCTGGCTCAG"	"Caistor, Norfolk"	"B. terrestris"	"Infected"	"Low load"	"89"
"138"	"TAGGCATGTAAGGA"	"AGAGTTTGATCCTGGCTCAG"	"Upton"	"B. runderartus"	"Infected"	"Low load"	"138"
"111"	"TAGGCATACTGCAT"	"AGAGTTTGATCCTGGCTCAG"	"Upton"	"B. runderartus"	"Infected"	"Low load"	"111"
"165"	"TAGGCATAAGGAGT"	"AGAGTTTGATCCTGGCTCAG"	"Caistor, Norfolk"	"B. runderartus"	"Infected"	"Low load"	"165"
"171"	"TAGGCATCTAAGCC"	"AGAGTTTGATCCTGGCTCAG"	"Ouse"	"B. runderartus"	"Infected"	"High load"	"171"
"155"	"CTCTCTATAGATCG"	"AGAGTTTGATCCTGGCTCAG"	"Caistor, Norfolk"	"B. terrestris"	"Infected"	"Low load"	"155"
"29"	"CTCTCTACTCTCTA"	"AGAGTTTGATCCTGGCTCAG"	"Caistor, Norfolk"	"B. terrestris"	"Uninfected"	"No infection"	"29"
"54"	"CTCTCTATATCCTC"	"AGAGTTTGATCCTGGCTCAG"	"Upton"	"B. hortorum"	"Uninfected"	"No infection"	"54"
"81"	"CTCTCTAAGAGTAG"	"AGAGTTTGATCCTGGCTCAG"	"Upton"	"B. terrestris"	"Infected"	"High load"	"81"
"60"	"CTCTCTAGTAAGGA"	"AGAGTTTGATCCTGGCTCAG"	"Hillesden"	"B. hortorum"	"Infected"	"High load"	"60"
"25"	"CTCTCTAACTGCAT"	"AGAGTTTGATCCTGGCTCAG"	"Caistor, Norfolk"	"B. terrestris"	"Uninfected"	"No infection"	"25"
"4"	"CTCTCTAAAGGAGT"	"AGAGTTTGATCCTGGCTCAG"	"Ouse"	"B. hortorum"	"Infected"	"Low load"	"4"
"62"	"CTCTCTACTAAGCC"	"AGAGTTTGATCCTGGCTCAG"	"Ouse"	"B. runderartus"	"Infected"	"High load"	"62"
"36"	"CAGAGAGTAGATCG"	"AGAGTTTGATCCTGGCTCAG"	"Ouse"	"B. runderartus"	"Uninfected"	"No infection"	"36"
"112"	"CAGAGAGCTCTCTA"	"AGAGTTTGATCCTGGCTCAG"	"Hillesden"	"B. hortorum"	"Uninfected"	"No infection"	"112"
"152"	"CAGAGAGTATCCTC"	"AGAGTTTGATCCTGGCTCAG"	"Ouse"	"B. runderartus"	"Uninfected"	"No infection"	"152"
"28"	"CAGAGAGAGAGTAG"	"AGAGTTTGATCCTGGCTCAG"	"Ouse"	"B. terrestris"	"Infected"	"High load"	"28"
"175"	"CAGAGAGGTAAGGA"	"AGAGTTTGATCCTGGCTCAG"	"Hillesden"	"B. runderartus"	"Infected"	"High load"	"175"
"238"	"CAGAGAGACTGCAT"	"AGAGTTTGATCCTGGCTCAG"	"Hillesden"	"B. runderartus"	"Uninfected"	"No infection"	"238"
"134"	"CAGAGAGAAGGAGT"	"AGAGTTTGATCCTGGCTCAG"	"Hillesden"	"B. runderartus"	"Uninfected"	"No infection"	"134"
"31"	"CAGAGAGCTAAGCC"	"AGAGTTTGATCCTGGCTCAG"	"Ouse"	"B. terrestris"	"Uninfected"	"No infection"	"31"
"129"	"GCTACGCTAGATCG"	"AGAGTTTGATCCTGGCTCAG"	"Ouse"	"B. terrestris"	"Infected"	"High load"	"129"
"59"	"GCTACGCCTCTCTA"	"AGAGTTTGATCCTGGCTCAG"	"Hillesden"	"B. hortorum"	"Infected"	"High load"	"59"
"27"	"GCTACGCTATCCTC"	"AGAGTTTGATCCTGGCTCAG"	"Upton"	"B. terrestris"	"Uninfected"	"No infection"	"27"
"157"	"GCTACGCAGAGTAG"	"AGAGTTTGATCCTGGCTCAG"	"Caistor, Norfolk"	"B. runderartus"	"Infected"	"High load"	"157"
"184"	"GCTACGCGTAAGGA"	"AGAGTTTGATCCTGGCTCAG"	"Upton"	"B. hortorum"	"Uninfected"	"No infection"	"184"
"41"	"GCTACGCACTGCAT"	"AGAGTTTGATCCTGGCTCAG"	"Upton"	"B. runderartus"	"Infected"	"High load"	"41"
"252"	"GCTACGCAAGGAGT"	"AGAGTTTGATCCTGGCTCAG"	"Upton"	"B. terrestris"	"Infected"	"High load"	"252"
"9"	"GCTACGCCTAAGCC"	"AGAGTTTGATCCTGGCTCAG"	"Hillesden"	"B. hortorum"	"Infected"	"High load"	"9"
"42"	"CGAGGCTTAGATCG"	"AGAGTTTGATCCTGGCTCAG"	"Ouse"	"B. runderartus"	"Infected"	"High load"	"42"
"174"	"CGAGGCTCTCTCTA"	"AGAGTTTGATCCTGGCTCAG"	"Hillesden"	"B. runderartus"	"Infected"	"High load"	"174"
"139"	"CGAGGCTTATCCTC"	"AGAGTTTGATCCTGGCTCAG"	"Ouse"	"B. hortorum"	"Infected"	"Low load"	"139"
"128"	"CGAGGCTAGAGTAG"	"AGAGTTTGATCCTGGCTCAG"	"Upton"	"B. hortorum"	"Infected"	"High load"	"128"
"57"	"CGAGGCTGTAAGGA"	"AGAGTTTGATCCTGGCTCAG"	"Hillesden"	"B. hortorum"	"Uninfected"	"No infection"	"57"
"40"	"CGAGGCTACTGCAT"	"AGAGTTTGATCCTGGCTCAG"	"Ouse"	"B. runderartus"	"Infected"	"High load"	"40"
"131"	"CGAGGCTAAGGAGT"	"AGAGTTTGATCCTGGCTCAG"	"Upton"	"B. runderartus"	"Infected"	"High load"	"131"
"52"	"CGAGGCTCTAAGCC"	"AGAGTTTGATCCTGGCTCAG"	"Ouse"	"B. hortorum"	"Infected"	"High load"	"52"
"142"	"AAGAGGCTAGATCG"	"AGAGTTTGATCCTGGCTCAG"	"Hillesden"	"B. hortorum"	"Uninfected"	"No infection"	"142"
"106"	"AAGAGGCCTCTCTA"	"AGAGTTTGATCCTGGCTCAG"	"Ouse"	"B. terrestris"	"Infected"	"High load"	"106"
"68"	"AAGAGGCTATCCTC"	"AGAGTTTGATCCTGGCTCAG"	"Caistor, Norfolk"	"B. terrestris"	"Infected"	"Low load"	"68"
"1"	"AAGAGGCAGAGTAG"	"AGAGTTTGATCCTGGCTCAG"	"Upton"	"B. hortorum"	"Uninfected"	"No infection"	"1"
"83"	"AAGAGGCGTAAGGA"	"AGAGTTTGATCCTGGCTCAG"	"Caistor, Norfolk"	"B. hortorum"	"Infected"	"High load"	"83"
"22"	"AAGAGGCACTGCAT"	"AGAGTTTGATCCTGGCTCAG"	"Caistor, Norfolk"	"B. hortorum"	"Uninfected"	"No infection"	"22"
"143"	"AAGAGGCAAGGAGT"	"AGAGTTTGATCCTGGCTCAG"	"Upton"	"B. hortorum"	"Infected"	"High load"	"143"
"92"	"AAGAGGCCTAAGCC"	"AGAGTTTGATCCTGGCTCAG"	"Hillesden"	"B. runderartus"	"Uninfected"	"No infection"	"92"
"19"	"GTAGAGGTAGATCG"	"AGAGTTTGATCCTGGCTCAG"	"Caistor, Norfolk"	"B. hortorum"	"Infected"	"Low load"	"19"
"44"	"GTAGAGGCTCTCTA"	"AGAGTTTGATCCTGGCTCAG"	"Ouse"	"B. hortorum"	"Uninfected"	"No infection"	"44"
