"sample_name"	"BarcodeSequence"	"LinkerPrimerSequence"	"radseq_ID_list"	"sibling_sets"	"Site"	"conopid_larvae"	"Apicystis_binomial"	"mean_Apicystis_sp_ul"	"Crithidia_binomial"	"mean_Crithidia_cell_ul"	"Nosema_binomial"	"mean_Nosema_sp_ul"	"para_richness"
"1"	"AAGAGGCAGAGTAG"	"AGAGTTTGATCCTGGCTCAG"	"Bh"	NA	"Upton"	0	0	0	1	193.3333333	1	16.66666667	2
"106"	"AAGAGGCCTCTCTA"	"AGAGTTTGATCCTGGCTCAG"	"Bt"	NA	"Ouse"	0	0	0	1	156.6666667	0	0	1
"108"	"TCCTGAGAGAGTAG"	"AGAGTTTGATCCTGGCTCAG"	"Bt"	NA	"Ouse"	0	0	0	1	176.6666667	0	0	1
"111"	"TAGGCATACTGCAT"	"AGAGTTTGATCCTGGCTCAG"	"Br"	NA	"Ouse"	0	0	0	1	186.6666667	0	0	1
"112"	"CAGAGAGCTCTCTA"	"AGAGTTTGATCCTGGCTCAG"	"Bh"	"112_bh_Os_2"	"Ouse"	0	0	0	1	3.333333333	0	0	1
"117"	"TAAGGCGAGAGTAG"	"AGAGTTTGATCCTGGCTCAG"	"Br"	NA	"Ouse"	0	0	0	1	270	1	3.333333333	2
"128"	"CGAGGCTAGAGTAG"	"AGAGTTTGATCCTGGCTCAG"	"Bh"	NA	"Ouse"	0	1	233.3333333	1	130	0	0	2
"129"	"GCTACGCGCGTAAG"	"AGAGTTTGATCCTGGCTCAG"	"Bt"	NA	"Ouse"	0	0	0	1	80	1	23.33333333	2
"131"	"CGAGGCTAAGGAGT"	"AGAGTTTGATCCTGGCTCAG"	"Br"	NA	"Ouse"	0	0	0	1	193.3333333	1	6.666666667	2
"134"	"CAGAGAGAAGGAGT"	"AGAGTTTGATCCTGGCTCAG"	"Br"	NA	"Ouse"	0	0	0	0	0	0	0	0
"136"	"AGGCAGAACTGCAT"	"AGAGTTTGATCCTGGCTCAG"	"Br"	NA	"Ouse"	0	0	0	0	0	0	0	0
"138"	"TAGGCATGTAAGGA"	"AGAGTTTGATCCTGGCTCAG"	"Br"	NA	"Ouse"	0	0	0	1	180	1	10	2
"139"	"CGAGGCTTATCCTC"	"AGAGTTTGATCCTGGCTCAG"	"Br"	NA	"Ouse"	0	1	3.333333333	1	113.3333333	1	16.66666667	3
"14"	"CGTACTAGTAAGGA"	"AGAGTTTGATCCTGGCTCAG"	"Bh"	NA	"Upton"	0	0	0	1	136.6666667	0	0	1
"142"	"AAGAGGCGCGTAAG"	"AGAGTTTGATCCTGGCTCAG"	"Br"	NA	"Ouse"	1	0	0	1	3.333333333	0	0	1
"143"	"AAGAGGCAAGGAGT"	"AGAGTTTGATCCTGGCTCAG"	"Bh"	NA	"Ouse"	1	0	0	1	233.3333333	0	0	1
"150"	"GGACTCCAAGGAGT"	"AGAGTTTGATCCTGGCTCAG"	"Bh"	"150_bh_Os_4"	"Ouse"	0	0	0	1	6.666666667	0	0	1
"152"	"CAGAGAGTATCCTC"	"AGAGTTTGATCCTGGCTCAG"	"Br"	NA	"Ouse"	0	1	106.6666667	0	0	0	0	1
"153"	"GGACTCCACTGCAT"	"AGAGTTTGATCCTGGCTCAG"	"Br"	"153_br_Os_2"	"Ouse"	0	1	56.66666667	1	83.33333333	0	0	2
"155"	"CTCTCTAGCGTAAG"	"AGAGTTTGATCCTGGCTCAG"	"Bt"	NA	"Ouse"	0	0	0	0	0	0	0	0
"157"	"GCTACGCAGAGTAG"	"AGAGTTTGATCCTGGCTCAG"	"Br"	NA	"Ouse"	0	0	0	0	0	0	0	0
"163"	"AGGCAGAAAGGAGT"	"AGAGTTTGATCCTGGCTCAG"	"Br"	"163_br_Os_4"	"Ouse"	0	1	83.33333333	0	0	0	0	1
"165"	"TAGGCATAAGGAGT"	"AGAGTTTGATCCTGGCTCAG"	"Br"	"165_br_Os_4"	"Ouse"	0	0	0	0	0	0	0	0
"167"	"TAAGGCGCTAAGCC"	"AGAGTTTGATCCTGGCTCAG"	"Br"	NA	"Hillesden"	0	0	0	1	200	1	53.33333333	2
"168"	"GGACTCCGTAAGGA"	"AGAGTTTGATCCTGGCTCAG"	"Br"	NA	"Hillesden"	0	0	0	0	0	0	0	0
"169"	"TAAGGCGGCGTAAG"	"AGAGTTTGATCCTGGCTCAG"	"Br"	NA	"Hillesden"	0	1	26.66666667	1	256.6666667	0	0	2
"171"	"TAGGCATCTAAGCC"	"AGAGTTTGATCCTGGCTCAG"	"Br"	NA	"Hillesden"	0	0	0	1	160	1	3.333333333	2
"172"	"TAAGGCGGTAAGGA"	"AGAGTTTGATCCTGGCTCAG"	"Br"	NA	"Hillesden"	0	0	0	1	176.6666667	0	0	1
"174"	"CGAGGCTCTCTCTA"	"AGAGTTTGATCCTGGCTCAG"	"Br"	NA	"Hillesden"	0	0	0	0	0	0	0	0
"175"	"CAGAGAGGTAAGGA"	"AGAGTTTGATCCTGGCTCAG"	"Br"	NA	"Hillesden"	0	0	0	0	0	0	0	0
"176"	"TCCTGAGGTAAGGA"	"AGAGTTTGATCCTGGCTCAG"	"Bh"	NA	"Hillesden"	0	0	0	0	0	0	0	0
"178"	"CGTACTAAAGGAGT"	"AGAGTTTGATCCTGGCTCAG"	"Bh"	NA	"Hillesden"	0	0	0	0	0	0	0	0
"181"	"GGACTCCTATCCTC"	"AGAGTTTGATCCTGGCTCAG"	"Bh"	NA	"Hillesden"	0	0	0	0	0	0	0	0
"184"	"GCTACGCGTAAGGA"	"AGAGTTTGATCCTGGCTCAG"	"Bh"	NA	"Hillesden"	0	0	0	1	96.66666667	1	73.33333333	2
"19"	"GTAGAGGGCGTAAG"	"AGAGTTTGATCCTGGCTCAG"	"Bh"	NA	"Upton"	0	0	0	0	0	0	0	0
"191"	"GGACTCCAGAGTAG"	"AGAGTTTGATCCTGGCTCAG"	"Bh"	NA	"Hillesden"	0	0	0	1	170	0	0	1
"192"	"CGTACTACTAAGCC"	"AGAGTTTGATCCTGGCTCAG"	"Br"	NA	"Hillesden"	0	0	0	1	70	1	40	2
"193"	"TCCTGAGACTGCAT"	"AGAGTTTGATCCTGGCTCAG"	"Br"	NA	"Hillesden"	0	0	0	0	0	0	0	0
"2"	"AGGCAGATATCCTC"	"AGAGTTTGATCCTGGCTCAG"	"Bh"	NA	"Upton"	0	0	0	1	130	0	0	1
"20"	"CGTACTAGCGTAAG"	"AGAGTTTGATCCTGGCTCAG"	"Bh"	NA	"Upton"	0	0	0	0	0	0	0	0
"202"	"TCCTGAGCTAAGCC"	"AGAGTTTGATCCTGGCTCAG"	"Bh"	NA	"Hillesden"	0	0	0	1	153.3333333	0	0	1
"205"	"TCCTGAGAAGGAGT"	"AGAGTTTGATCCTGGCTCAG"	NA	NA	"Hillesden"	0	0	0	1	126.6666667	1	10	2
"216"	"GGACTCCCTAAGCC"	"AGAGTTTGATCCTGGCTCAG"	"Bh"	NA	"Hillesden"	0	0	0	0	0	0	0	0
"219"	"TCCTGAGCTCTCTA"	"AGAGTTTGATCCTGGCTCAG"	"Bt"	NA	"Hillesden"	0	0	0	0	0	0	0	0
"22"	"AAGAGGCACTGCAT"	"AGAGTTTGATCCTGGCTCAG"	"Bh"	NA	"Upton"	0	0	0	0	0	0	0	0
"23"	"TAGGCATGCGTAAG"	"AGAGTTTGATCCTGGCTCAG"	"Bt"	NA	"Upton"	0	0	0	1	20	0	0	1
"230"	"AGGCAGACTAAGCC"	"AGAGTTTGATCCTGGCTCAG"	"Bt"	NA	"Hillesden"	0	0	0	1	216.6666667	0	0	1
"235"	"CGTACTAAGAGTAG"	"AGAGTTTGATCCTGGCTCAG"	"Bt"	NA	"Hillesden"	0	0	0	0	0	0	0	0
"238"	"CAGAGAGACTGCAT"	"AGAGTTTGATCCTGGCTCAG"	"Bh"	NA	"Hillesden"	0	0	0	0	0	0	0	0
"24"	"GGACTCCCTCTCTA"	"AGAGTTTGATCCTGGCTCAG"	NA	NA	"Upton"	0	0	0	0	0	0	0	0
"242"	"TAAGGCGCTCTCTA"	"AGAGTTTGATCCTGGCTCAG"	NA	NA	"Hillesden"	0	0	0	1	206.6666667	0	0	1
"246"	"TCCTGAGGCGTAAG"	"AGAGTTTGATCCTGGCTCAG"	"Bt"	NA	"Hillesden"	0	0	0	0	0	0	0	0
"247"	"TCCTGAGTATCCTC"	"AGAGTTTGATCCTGGCTCAG"	"Bt"	NA	"Hillesden"	0	0	0	1	220	0	0	1
"25"	"CTCTCTAACTGCAT"	"AGAGTTTGATCCTGGCTCAG"	"Bt"	NA	"Upton"	0	0	0	0	0	0	0	0
"252"	"GCTACGCAAGGAGT"	"AGAGTTTGATCCTGGCTCAG"	"Bt"	NA	"Hillesden"	0	1	1200	0	0	0	0	1
"27"	"GCTACGCTATCCTC"	"AGAGTTTGATCCTGGCTCAG"	"Bt"	NA	"Upton"	0	0	0	1	210	0	0	1
"28"	"CAGAGAGAGAGTAG"	"AGAGTTTGATCCTGGCTCAG"	"Bt"	NA	"Upton"	0	0	0	1	110	0	0	1
"29"	"CTCTCTACTCTCTA"	"AGAGTTTGATCCTGGCTCAG"	"Bt"	NA	"Upton"	0	0	0	0	0	0	0	0
"31"	"CAGAGAGCTAAGCC"	"AGAGTTTGATCCTGGCTCAG"	"Bt"	NA	"Upton"	0	0	0	1	100	0	0	1
"34"	"TAAGGCGACTGCAT"	"AGAGTTTGATCCTGGCTCAG"	"Br"	"34_br_Ut_1"	"Upton"	0	0	0	1	190	1	43.33333333	2
"36"	"CAGAGAGGCGTAAG"	"AGAGTTTGATCCTGGCTCAG"	"Br"	NA	"Upton"	0	0	0	1	70	0	0	1
"37"	"TAGGCATTATCCTC"	"AGAGTTTGATCCTGGCTCAG"	"Br"	"37_br_Ut_1"	"Upton"	0	0	0	0	0	0	0	0
"38"	"TAGGCATCTCTCTA"	"AGAGTTTGATCCTGGCTCAG"	"Br"	NA	"Upton"	0	0	0	1	6.666666667	1	13.33333333	2
"4"	"CTCTCTAAAGGAGT"	"AGAGTTTGATCCTGGCTCAG"	"Bh"	NA	"Upton"	0	0	0	1	100	1	23.33333333	2
"40"	"CGAGGCTACTGCAT"	"AGAGTTTGATCCTGGCTCAG"	"Br"	NA	"Upton"	0	0	0	1	73.33333333	1	70	2
"41"	"GCTACGCACTGCAT"	"AGAGTTTGATCCTGGCTCAG"	"Br"	NA	"Upton"	0	0	0	1	203.3333333	0	0	1
"42"	"CGAGGCTGCGTAAG"	"AGAGTTTGATCCTGGCTCAG"	"Br"	NA	"Upton"	0	0	0	1	166.6666667	0	0	1
"44"	"GTAGAGGCTCTCTA"	"AGAGTTTGATCCTGGCTCAG"	"Bh"	NA	"Caistor"	0	0	0	1	93.33333333	1	10	2
"48"	"AGGCAGAGTAAGGA"	"AGAGTTTGATCCTGGCTCAG"	"Bh"	NA	"Caistor"	0	0	0	1	113.3333333	1	116.6666667	2
"52"	"CGAGGCTCTAAGCC"	"AGAGTTTGATCCTGGCTCAG"	"Bh"	NA	"Caistor"	0	0	0	1	130	1	23.33333333	2
"54"	"CTCTCTATATCCTC"	"AGAGTTTGATCCTGGCTCAG"	"Bh"	NA	"Caistor"	0	0	0	1	170	1	6.666666667	2
"57"	"CGAGGCTGTAAGGA"	"AGAGTTTGATCCTGGCTCAG"	"Bh"	NA	"Caistor"	0	0	0	0	0	0	0	0
"59"	"GCTACGCCTCTCTA"	"AGAGTTTGATCCTGGCTCAG"	"Bh"	NA	"Caistor"	0	0	0	1	10	0	0	1
"60"	"CTCTCTAGTAAGGA"	"AGAGTTTGATCCTGGCTCAG"	"Bt"	NA	"Caistor"	0	0	0	1	20	1	3.333333333	2
"62"	"CTCTCTACTAAGCC"	"AGAGTTTGATCCTGGCTCAG"	"Bh"	NA	"Caistor"	0	0	0	1	133.3333333	0	0	1
"63"	"AGGCAGAAGAGTAG"	"AGAGTTTGATCCTGGCTCAG"	"Bh"	NA	"Caistor"	0	0	0	1	56.66666667	0	0	1
"64"	"CGTACTACTCTCTA"	"AGAGTTTGATCCTGGCTCAG"	NA	NA	"Caistor"	0	0	0	1	70	0	0	1
"65"	"TAAGGCGTATCCTC"	"AGAGTTTGATCCTGGCTCAG"	"Bt"	NA	"Caistor"	0	0	0	1	53.33333333	1	3.333333333	2
"68"	"AAGAGGCTATCCTC"	"AGAGTTTGATCCTGGCTCAG"	NA	NA	"Caistor"	0	0	0	1	16.66666667	1	10	2
"70"	"CGTACTATATCCTC"	"AGAGTTTGATCCTGGCTCAG"	"Bt"	NA	"Caistor"	0	0	0	0	0	0	0	0
"76"	"GGACTCCGCGTAAG"	"AGAGTTTGATCCTGGCTCAG"	"Bt"	NA	"Caistor"	0	0	0	1	63.33333333	0	0	1
"77"	"AGGCAGACTCTCTA"	"AGAGTTTGATCCTGGCTCAG"	"Bt"	NA	"Caistor"	0	0	0	0	0	1	53.33333333	1
"78"	"CGTACTAACTGCAT"	"AGAGTTTGATCCTGGCTCAG"	"Bt"	NA	"Caistor"	0	0	0	0	0	0	0	0
"79"	"TAAGGCGAAGGAGT"	"AGAGTTTGATCCTGGCTCAG"	"Bt"	NA	"Caistor"	0	0	0	0	0	0	0	0
"81"	"CTCTCTAAGAGTAG"	"AGAGTTTGATCCTGGCTCAG"	"Bt"	NA	"Ouse"	0	1	76.66666667	1	286.6666667	0	0	2
"83"	"AAGAGGCGTAAGGA"	"AGAGTTTGATCCTGGCTCAG"	"Br"	NA	"Ouse"	0	0	0	0	0	0	0	0
"89"	"TAGGCATAGAGTAG"	"AGAGTTTGATCCTGGCTCAG"	"Bt"	NA	"Ouse"	0	0	0	0	0	0	0	0
"9"	"GCTACGCCTAAGCC"	"AGAGTTTGATCCTGGCTCAG"	"Bh"	NA	"Upton"	0	1	16.66666667	1	73.33333333	0	0	2
"92"	"AAGAGGCCTAAGCC"	"AGAGTTTGATCCTGGCTCAG"	"Br"	NA	"Ouse"	0	0	0	0	0	0	0	0
"93"	"AGGCAGAGCGTAAG"	"AGAGTTTGATCCTGGCTCAG"	"Bt"	NA	"Ouse"	0	0	0	0	0	0	0	0
