"Bee_ID","BarcodeSequence","finalised_species","Site","Nosema_binomial","Crithidia_binomial","Apicystis_binomial","Nosema_total_per_bee","Crithidia_total_per_bee","Apicystis_total_per_bee","Conopid_larvae","gut_parasite_richness"
"1","AAGAGGCAGAGTAG","B.hortorum","Upton",1,1,0,16666.66667,193333.3333,0,"0",2
"106","AAGAGGCCTCTCTA","B.terrestris","Ouse",0,1,0,0,156666.6667,0,"0",1
"108","TCCTGAGAGAGTAG","B.terrestris","Ouse",0,1,0,0,176666.6667,0,"0",1
"111","TAGGCATACTGCAT","B.ruderatus","Ouse",0,1,0,0,186666.6667,0,"0",1
"112","CAGAGAGCTCTCTA","B.hortorum","Ouse",0,1,0,0,3333.333333,0,"0",1
"117","TAAGGCGAGAGTAG","B.ruderatus","Ouse",1,1,0,3333.333333,270000,0,"0",2
"128","CGAGGCTAGAGTAG","B.hortorum","Ouse",0,1,1,0,130000,233333.3333,"0",2
"129","GCTACGCGCGTAAG","B.terrestris","Ouse",1,1,0,23333.33333,80000,0,"0",2
"131","CGAGGCTAAGGAGT","B.ruderatus","Ouse",1,1,0,6666.666667,193333.3333,0,"0",2
"134","CAGAGAGAAGGAGT","B.ruderatus","Ouse",0,0,0,0,0,0,"0",0
"136","AGGCAGAACTGCAT","B.ruderatus","Ouse",0,0,0,0,0,0,"0",0
"138","TAGGCATGTAAGGA","B.ruderatus","Ouse",1,1,0,10000,180000,0,"0",2
"139","CGAGGCTTATCCTC","B.ruderatus","Ouse",1,1,1,16666.66667,113333.3333,3333.333333,"0",3
"14","CGTACTAGTAAGGA","B.hortorum","Upton",0,1,0,0,136666.6667,0,"0",1
"142","AAGAGGCGCGTAAG","B.ruderatus","Ouse",0,1,0,0,3333.333333,0,"1",1
"143","AAGAGGCAAGGAGT","B.hortorum","Ouse",0,1,0,0,233333.3333,0,"1",1
"150","GGACTCCAAGGAGT","B.hortorum","Ouse",0,1,0,0,6666.666667,0,"0",1
"152","CAGAGAGTATCCTC","B.ruderatus","Ouse",0,0,1,0,0,106666.6667,"0",1
"153","GGACTCCACTGCAT","B.ruderatus","Ouse",0,1,1,0,83333.33333,56666.66667,"0",2
"155","CTCTCTAGCGTAAG","B.terrestris","Ouse",0,0,0,0,0,0,"0",0
"157","GCTACGCAGAGTAG","B.ruderatus","Ouse",0,0,0,0,0,0,"0",0
"163","AGGCAGAAAGGAGT","B.ruderatus","Ouse",0,0,1,0,0,83333.33333,"0",1
"165","TAGGCATAAGGAGT","B.ruderatus","Ouse",0,0,0,0,0,0,"0",0
"167","TAAGGCGCTAAGCC","B.ruderatus","Hillesden",1,1,0,53333.33333,2e+05,0,"0",2
"168","GGACTCCGTAAGGA","B.ruderatus","Hillesden",0,0,0,0,0,0,"0",0
"169","TAAGGCGGCGTAAG","B.ruderatus","Hillesden",0,1,1,0,256666.6667,26666.66667,"0",2
"171","TAGGCATCTAAGCC","B.ruderatus","Hillesden",1,1,0,3333.333333,160000,0,"0",2
"172","TAAGGCGGTAAGGA","B.ruderatus","Hillesden",0,1,0,0,176666.6667,0,"0",1
"174","CGAGGCTCTCTCTA","B.ruderatus","Hillesden",0,0,0,0,0,0,"0",0
"175","CAGAGAGGTAAGGA","B.ruderatus","Hillesden",0,0,0,0,0,0,"0",0
"176","TCCTGAGGTAAGGA","B.hortorum","Hillesden",0,0,0,0,0,0,"0",0
"178","CGTACTAAAGGAGT","B.hortorum","Hillesden",0,0,0,0,0,0,"0",0
"181","GGACTCCTATCCTC","B.hortorum","Hillesden",0,0,0,0,0,0,"0",0
"184","GCTACGCGTAAGGA","B.hortorum","Hillesden",1,1,0,73333.33333,96666.66667,0,"0",2
"19","GTAGAGGGCGTAAG","B.hortorum","Upton",0,0,0,0,0,0,"0",0
"191","GGACTCCAGAGTAG","B.hortorum","Hillesden",0,1,0,0,170000,0,"0",1
"192","CGTACTACTAAGCC","B.ruderatus","Hillesden",1,1,0,40000,70000,0,"0",2
"193","TCCTGAGACTGCAT","B.ruderatus","Hillesden",0,0,0,0,0,0,"0",0
"2","AGGCAGATATCCTC","B.hortorum","Upton",0,1,0,0,130000,0,"0",1
"20","CGTACTAGCGTAAG","B.hortorum","Upton",0,0,0,0,0,0,"0",0
"202","TCCTGAGCTAAGCC","B.hortorum","Hillesden",0,1,0,0,153333.3333,0,"0",1
"205","TCCTGAGAAGGAGT","B.terrestris","Hillesden",1,1,0,10000,126666.6667,0,"0",2
"216","GGACTCCCTAAGCC","B.hortorum","Hillesden",0,0,0,0,0,0,"0",0
"219","TCCTGAGCTCTCTA","B.terrestris","Hillesden",0,0,0,0,0,0,"0",0
"22","AAGAGGCACTGCAT","B.hortorum","Upton",0,0,0,0,0,0,"0",0
"23","TAGGCATGCGTAAG","B.terrestris","Upton",0,1,0,0,20000,0,"0",1
"230","AGGCAGACTAAGCC","B.terrestris","Hillesden",0,1,0,0,216666.6667,0,"0",1
"235","CGTACTAAGAGTAG","B.terrestris","Hillesden",0,0,0,0,0,0,"0",0
"238","CAGAGAGACTGCAT","B.hortorum","Hillesden",0,0,0,0,0,0,"0",0
"24","GGACTCCCTCTCTA","B.terrestris","Upton",0,0,0,0,0,0,"0",0
"242","TAAGGCGCTCTCTA","B.terrestris","Hillesden",0,1,0,0,206666.6667,0,"0",1
"246","TCCTGAGGCGTAAG","B.terrestris","Hillesden",0,0,0,0,0,0,"0",0
"247","TCCTGAGTATCCTC","B.terrestris","Hillesden",0,1,0,0,220000,0,"0",1
"25","CTCTCTAACTGCAT","B.terrestris","Upton",0,0,0,0,0,0,"0",0
"252","GCTACGCAAGGAGT","B.terrestris","Hillesden",0,0,1,0,0,1200000,"0",1
"27","GCTACGCTATCCTC","B.terrestris","Upton",0,1,0,0,210000,0,"0",1
"28","CAGAGAGAGAGTAG","B.terrestris","Upton",0,1,0,0,110000,0,"0",1
"29","CTCTCTACTCTCTA","B.terrestris","Upton",0,0,0,0,0,0,"0",0
"31","CAGAGAGCTAAGCC","B.terrestris","Upton",0,1,0,0,1e+05,0,"0",1
"34","TAAGGCGACTGCAT","B.ruderatus","Upton",1,1,0,43333.33333,190000,0,"0",2
"36","CAGAGAGGCGTAAG","B.ruderatus","Upton",0,1,0,0,70000,0,"0",1
"37","TAGGCATTATCCTC","B.ruderatus","Upton",0,0,0,0,0,0,"0",0
"38","TAGGCATCTCTCTA","B.ruderatus","Upton",1,1,0,13333.33333,6666.666667,0,"0",2
"4","CTCTCTAAAGGAGT","B.hortorum","Upton",1,1,0,23333.33333,1e+05,0,"0",2
"40","CGAGGCTACTGCAT","B.ruderatus","Upton",1,1,0,70000,73333.33333,0,"0",2
"41","GCTACGCACTGCAT","B.ruderatus","Upton",0,1,0,0,203333.3333,0,"0",1
"42","CGAGGCTGCGTAAG","B.ruderatus","Upton",0,1,0,0,166666.6667,0,"0",1
"44","GTAGAGGCTCTCTA","B.hortorum","Caistor",1,1,0,10000,93333.33333,0,"0",2
"48","AGGCAGAGTAAGGA","B.hortorum","Caistor",1,1,0,116666.6667,113333.3333,0,"0",2
"52","CGAGGCTCTAAGCC","B.hortorum","Caistor",1,1,0,23333.33333,130000,0,"0",2
"54","CTCTCTATATCCTC","B.hortorum","Caistor",1,1,0,6666.666667,170000,0,"0",2
"57","CGAGGCTGTAAGGA","B.hortorum","Caistor",0,0,0,0,0,0,"0",0
"59","GCTACGCCTCTCTA","B.hortorum","Caistor",0,1,0,0,10000,0,"0",1
"60","CTCTCTAGTAAGGA","B.terrestris","Caistor",1,1,0,3333.333333,20000,0,"0",2
"62","CTCTCTACTAAGCC","B.hortorum","Caistor",0,1,0,0,133333.3333,0,"0",1
"63","AGGCAGAAGAGTAG","B.hortorum","Caistor",0,1,0,0,56666.66667,0,"0",1
"64","CGTACTACTCTCTA","B.ruderatus","Caistor",0,1,0,0,70000,0,"0",1
"65","TAAGGCGTATCCTC","B.terrestris","Caistor",1,1,0,3333.333333,53333.33333,0,"0",2
"68","AAGAGGCTATCCTC","B.terrestris","Caistor",1,1,0,10000,16666.66667,0,"0",2
"70","CGTACTATATCCTC","B.terrestris","Caistor",0,0,0,0,0,0,"0",0
"76","GGACTCCGCGTAAG","B.terrestris","Caistor",0,1,0,0,63333.33333,0,"0",1
"77","AGGCAGACTCTCTA","B.terrestris","Caistor",1,0,0,53333.33333,0,0,"0",1
"78","CGTACTAACTGCAT","B.terrestris","Caistor",0,0,0,0,0,0,"0",0
"79","TAAGGCGAAGGAGT","B.terrestris","Caistor",0,0,0,0,0,0,"0",0
"81","CTCTCTAAGAGTAG","B.terrestris","Ouse",0,1,1,0,286666.6667,76666.66667,"0",2
"83","AAGAGGCGTAAGGA","B.ruderatus","Ouse",0,0,0,0,0,0,"0",0
"89","TAGGCATAGAGTAG","B.terrestris","Ouse",0,0,0,0,0,0,"0",0
"9","GCTACGCCTAAGCC","B.hortorum","Upton",0,1,1,0,73333.33333,16666.66667,"0",2
"92","AAGAGGCCTAAGCC","B.ruderatus","Ouse",0,0,0,0,0,0,"0",0
"93","AGGCAGAGCGTAAG","B.terrestris","Ouse",0,0,0,0,0,0,"0",0
"Blank","GTAGAGGTATCCTC",NA,NA,NA,NA,NA,NA,NA,NA,NA,NA
